{
  "1": {
    "de": "All inclusive",
    "it": "All inclusive",
    "en": "All inclusive",
    "fr": "Tout inclus"
  },
  "10": {
    "de": "Vollpension",
    "it": "Pensione completa",
    "en": "Full board",
    "fr": "Pension complète"
  },
  "12": {
    "de": "Halbpension",
    "it": "Mezza pensione",
    "en": "Half board",
    "fr": "Demi-pension"
  },
  "3": {
    "de": "Übernachtung mit Frühstück",
    "it": "Pernottamento e prima colazione",
    "en": "Bed and breakfast",
    "fr": "Chambres d'hôtes"
  },
  "14": {
    "de": "Nur Übernachtung",
    "it": "Solo pernottamento",
    "en": "Overnight stay only",
    "fr": "Nuitée seulement"
  }
}