{
  "RAT_501": {
    "en": "Main building",
    "nl": "Hoofdgebouw",
    "cs": "Hlavn\u00ed budova",
    "ru": "\u0413\u043b\u0430\u0432\u043d\u043e\u0435 \u0437\u0434\u0430\u043d\u0438\u0435",
    "it": "Edificio principale",
    "fr": "B\u00e2timent principal",
    "de": "Haupthaus"
  },
  "RAT_502": {
    "en": "Historic",
    "nl": "Oud gebouw",
    "cs": "Historick\u00e1 budova",
    "ru": "\u0417\u0434\u0430\u043d\u0438\u0435 \u0441\u0442\u0430\u0440\u0438\u043d\u043d\u043e\u0439 \u043f\u043e\u0441\u0442\u0440\u043e\u0439\u043a\u0438",
    "it": "Edificio di vecchia costruzione",
    "fr": "Ancien b\u00e2timent",
    "de": "Altbau"
  },
  "RAT_503": {
    "en": "Modern",
    "nl": "Nieuw gebouw",
    "cs": "Modern\u00ed stavba",
    "ru": "\u0421\u043e\u0432\u0440\u0435\u043c\u0435\u043d\u043d\u043e\u0435 \u0437\u0434\u0430\u043d\u0438\u0435",
    "it": "Edificio di nuova costruzione",
    "fr": "B\u00e2timent r\u00e9cent",
    "de": "Neubau"
  },
  "RAT_204": {
    "en": "Annex building",
    "nl": "Bijgebouw",
    "cs": "Vedlej\u0161\u00ed budova",
    "ru": "\u0424\u043b\u0438\u0433\u0435\u043b\u044c",
    "it": "Dependance",
    "fr": "D\u00e9pendance \/ Annexe",
    "de": "Dependance"
  },
  "RAT_333": {
    "en": "Bunk Bed",
    "nl": "Stapelbed",
    "cs": "Poscho\u010fov\u00e1 postel",
    "ru": "\u0414\u0432\u0443\u0445\u044a\u044f\u0440\u0443\u0441\u043d\u0430\u044f \u043a\u0440\u043e\u0432\u0430\u0442\u044c",
    "de": "Stockbett",
    "it": "Letto a castello",
    "fr": "Lits superpos\u00e9s"
  },
  "RAT_334": {
    "en": "Family room",
    "nl": "Familiekamer",
    "cs": "Rodinn\u00fd pokoj",
    "ru": "Familyroom",
    "de": "Familienzimmer",
    "it": "Camera familiare",
    "fr": "Salon"
  },
  "RAT_102": {
    "en": "Sofa Bed",
    "nl": "Slaapbank",
    "cs": "Vysouvac\u00ed pohovka",
    "ru": "\u0420\u0430\u0441\u043a\u043b\u0430\u0434\u043d\u043e\u0439 \u0434\u0438\u0432\u0430\u043d",
    "de": "Ausziehcouch",
    "it": "Divano letto",
    "fr": "Canap\u00e9"
  },
  "RAT_203": {
    "en": "Single Bed",
    "nl": "Eenpersoonsbed",
    "cs": "Jednol\u016f\u017eko",
    "ru": "\u041e\u0434\u043d\u043e\u0441\u043f\u0430\u043b\u044c\u043d\u0430\u044f \u043a\u0440\u043e\u0432\u0430\u0442\u044c",
    "de": "Einzelbett",
    "it": "Letto singolo",
    "fr": "Simple"
  },
  "RAT_33": {
    "en": "Double Bed",
    "nl": "Tweepersoonsbed (volledige bed)",
    "cs": "Dvoul\u016f\u017eko (Full Bed)",
    "ru": "\u0414\u0432\u0443\u0441\u043f\u0430\u043b\u044c\u043d\u0430\u044f \u043a\u0440\u043e\u0432\u0430\u0442\u044c",
    "de": "Doppelbett (Full Bed)",
    "it": "Letto a una piazza e mezza",
    "fr": "Lit double (grand lit)"
  },
  "RAT_58": {
    "en": "King Size bed",
    "nl": "Tweepersoonsbed (kingsize)",
    "cs": "Dvoul\u016f\u017eko (Kingsize)",
    "ru": "\u0411\u043e\u043b\u044c\u0448\u0430\u044f \u0434\u0432\u0443\u0441\u043f\u0430\u043b\u044c\u043d\u0430\u044f \u043a\u0440\u043e\u0432\u0430\u0442\u044c (Kingsize)",
    "de": "Doppelbett (Kingsize)",
    "it": "Letto matrimoniale (kingsize)",
    "fr": "Lit King size"
  },
  "RAT_86": {
    "en": "Queen size bed",
    "nl": "Tweepersoonsbed (queensize)",
    "cs": "Dvoul\u016f\u017eko (Queensize)",
    "ru": "\u0411\u043e\u043b\u044c\u0448\u0430\u044f \u0434\u0432\u0443\u0441\u043f\u0430\u043b\u044c\u043d\u0430\u044f \u043a\u0440\u043e\u0432\u0430\u0442\u044c (Queensize)",
    "de": "Doppelbett (Queensize)",
    "it": "Letto matrimoniale (queensize)",
    "fr": "Grand lit"
  },
  "RAT_26": {
    "en": "Crib \/ Cot",
    "nl": "Ledikant",
    "cs": "D\u011btsk\u00e1 post\u00fdlka",
    "ru": "\u0414\u0435\u0442\u0441\u043a\u0430\u044f \u043a\u0440\u043e\u0432\u0430\u0442\u043a\u0430",
    "it": "Lettino a sbarre per neonati",
    "fr": "Lit b\u00e9b\u00e9",
    "de": "Gitterbett"
  },
  "RAT_504": {
    "en": "Child's bed",
    "nl": "Kinderbed",
    "cs": "D\u011btsk\u00e1 postel",
    "ru": "\u0414\u0435\u0442\u0441\u043a\u0430\u044f \u043a\u0440\u043e\u0432\u0430\u0442\u044c",
    "it": "Letto per bambini",
    "fr": "Lit enfant",
    "de": "Kinderbett"
  },
  "RAT_2": {
    "en": "Air conditioning",
    "nl": "Airconditioning",
    "cs": "Klimatizace",
    "ru": "\u041a\u043e\u043d\u0434\u0438\u0446\u0438\u043e\u043d\u0435\u0440",
    "fr": "Climatisation",
    "de": "Klimaanlage",
    "it": "Aria condizionata"
  },
  "RAT_7": {
    "en": "Balcony\/terrace",
    "nl": "Balkon\/terras",
    "cs": "Balk\u00f3n\/terasa",
    "ru": "\u0411\u0430\u043b\u043a\u043e\u043d \/ \u0442\u0435\u0440\u0440\u0430\u0441\u0430",
    "fr": "Balcon \/ Terrasse",
    "de": "Balkon\/Terrasse",
    "it": "Balcone\/terrazza"
  },
  "RAT_15": {
    "en": "Bathtub\/shower combination",
    "nl": "Badkuip\/douche gecombineerd",
    "cs": "Kombinace vana\/sprcha",
    "ru": "\u0412\u0430\u043d\u043d\u0430 \/ \u0434\u0443\u0448",
    "fr": "Baignoire \/ douche combin\u00e9e",
    "de": "Badewanne\/Dusche kombiniert",
    "it": "Vasca con doccia combinata"
  },
  "RAT_142": {
    "en": "Shower",
    "nl": "Douche",
    "cs": "Sprcha",
    "ru": "\u0414\u0443\u0448",
    "fr": "Douche",
    "de": "Dusche",
    "it": "Doccia"
  },
  "RAT_13": {
    "en": "Bathtub",
    "nl": "Badkuip",
    "cs": "Vana",
    "ru": "\u0412\u0430\u043d\u043d\u0430",
    "fr": "Baignoire",
    "de": "Badewanne",
    "it": "Vasca da bagno"
  },
  "RAT_50": {
    "en": "Hairdryer",
    "nl": "Haardroger",
    "cs": "Vysou\u0161e\u010d vlas\u016f",
    "ru": "\u0424\u0435\u043d",
    "fr": "S\u00e8che-cheveux",
    "de": "Haarf\u00f6hn",
    "it": "Asciugacapelli"
  },
  "RAT_92": {
    "en": "Safe",
    "nl": "Brandkast",
    "cs": "Trezor",
    "ru": "\u0421\u0435\u0439\u0444",
    "fr": "Coffre-fort",
    "de": "Safe",
    "it": "Cassaforte"
  },
  "RAT_251": {
    "en": "Television",
    "nl": "Televisie",
    "cs": "Televize",
    "ru": "\u0422\u0435\u043b\u0435\u0432\u0438\u0437\u043e\u0440",
    "fr": "T\u00e9l\u00e9viseur",
    "de": "Fernseher",
    "it": "Televisione"
  },
  "RAT_107": {
    "en": "Telephone",
    "nl": "Telefoon",
    "cs": "Telefon",
    "ru": "\u0422\u0435\u043b\u0435\u0444\u043e\u043d",
    "fr": "T\u00e9l\u00e9phone",
    "de": "Telefon",
    "it": "Telefono"
  },
  "RAT_223": {
    "en": "Mountain view",
    "nl": "Uitzicht op een berglandschap",
    "cs": "V\u00fdhled na hory",
    "ru": "\u0412\u0438\u0434 \u043d\u0430 \u0433\u043e\u0440\u044b",
    "fr": "Vue sur les montagnes",
    "de": "Aussicht auf eine Berglandschaft",
    "it": "Vista sulla montagna"
  },
  "RAT_69": {
    "en": "Mini bar",
    "nl": "Minibar",
    "cs": "Mini bar",
    "ru": "\u041c\u0438\u043d\u0438-\u0431\u0430\u0440",
    "fr": "Minibar",
    "de": "Minibar",
    "it": "Minibar"
  },
  "RAT_10": {
    "en": "Bathrobe",
    "nl": "Badjas",
    "cs": "\u017dupany",
    "ru": "\u0411\u0430\u043d\u043d\u044b\u0439 \u0445\u0430\u043b\u0430\u0442",
    "fr": "Peignoir de bain",
    "de": "Bademantel",
    "it": "Accappatoio"
  },
  "RAT_22": {
    "en": "Connecting rooms",
    "nl": "Aansgesloten kamers",
    "cs": "Propojen\u00e9 pokoje",
    "ru": "\u0421\u043c\u0435\u0436\u043d\u044b\u0435 \u043a\u043e\u043c\u043d\u0430\u0442\u044b",
    "fr": "Chambres communicantes",
    "de": "Verbundene Zimmer",
    "it": "Camere comunicanti"
  },
  "RAT_221": {
    "en": "Handicap accessible room",
    "nl": "Kamers met voorzieningen voor mensen met een handicap",
    "cs": "Pokoj p\u0159izp\u016fsoben pro hendikepovan\u00e9",
    "ru": "\u041d\u043e\u043c\u0435\u0440 \u0441 \u0443\u0447\u0435\u0442\u043e\u043c \u043d\u0443\u0436\u0434 \u0438\u043d\u0432\u0430\u043b\u0438\u0434\u043e\u0432",
    "fr": "Chambre pour personne \u00e0 mobilit\u00e9 r\u00e9duite",
    "de": "Behindertengerechtes Zimmer",
    "it": "Camera dotata di attrezzature per disabili"
  },
  "RAT_51": {
    "en": "High speed Internet connection",
    "nl": "High-speed internet",
    "cs": "Vysokorychlostn\u00ed p\u0159ipojen\u00ed k Internetu",
    "ru": "\u0412\u044b\u0441\u043e\u043a\u0430\u044f \u0441\u043a\u043e\u0440\u043e\u0441\u0442\u044c \u043f\u043e\u0434\u043a\u043b\u044e\u0447\u0435\u043d\u0438\u044f \u043a \u0418\u043d\u0442\u0435\u0440\u043d\u0435\u0442\u0443",
    "fr": "Acc\u00e8s internet haute vitesse",
    "de": "Hochgeschwindigkeits-Internetanschluss",
    "it": "Connessione veloce ad internet"
  },
  "RAT_57": {
    "en": "Jacuzzi",
    "nl": "Jacuzzi",
    "cs": "Jacuzzi",
    "ru": "\u0414\u0436\u0430\u043a\u0443\u0437\u0438",
    "fr": "Jacuzzi",
    "de": "Jacuzzi",
    "it": "Jacuzzi"
  },
  "RAT_59": {
    "en": "Kitchen",
    "nl": "Keuken",
    "cs": "Kuchyn\u011b",
    "ru": "\u041a\u0443\u0445\u043d\u044f",
    "fr": "Cuisine",
    "de": "K\u00fcche",
    "it": "Cucina"
  },
  "RAT_61": {
    "en": "Kitchenette",
    "nl": "Kitchenette",
    "cs": "Kuchy\u0148sk\u00fd kout",
    "ru": "\u041c\u0438\u043d\u0438-\u043a\u0443\u0445\u043d\u044f",
    "fr": "Cuisinette",
    "de": "Kochnische",
    "it": "Angolo cottura"
  },
  "RAT_60": {
    "en": "Cookware \/ Utensils",
    "nl": "Keukenapparatuur",
    "cs": "Vybaven\u00ed kuchy\u0148e",
    "ru": "\u041a\u0443\u0445\u043e\u043d\u043d\u0430\u044f \u043e\u0431\u0441\u0442\u0430\u043d\u043e\u0432\u043a\u0430",
    "fr": "Ustensiles de cuisine",
    "de": "K\u00fcchenausstattung",
    "it": "elettrodomestici e utensili in dotazione della cucina"
  },
  "RAT_88": {
    "en": "Refrigerator",
    "nl": "Koelkast",
    "cs": "Lednice",
    "ru": "\u0425\u043e\u043b\u043e\u0434\u0438\u043b\u044c\u043d\u0438\u043a",
    "fr": "R\u00e9frig\u00e9rateur",
    "de": "K\u00fchlschrank",
    "it": "Frigorifero"
  },
  "RAT_187": {
    "en": "Hypoallergenic pillows",
    "nl": "Hypo-allergene kussens",
    "cs": "Hypoalergenn\u00ed pol\u0161t\u00e1\u0159e",
    "ru": "\u0413\u0438\u043f\u043e\u0430\u043b\u043b\u0435\u0440\u0433\u0435\u043d\u043d\u044b\u0435 \u043f\u043e\u0434\u0443\u0448\u043a\u0438",
    "fr": "Oreillers hypoallerg\u00e9niques",
    "de": "Hypoallergenes Kissen",
    "it": "Cuscino anallergico"
  },
  "RAT_201": {
    "en": "Murphy Bed",
    "nl": "Murphy Bed",
    "cs": "Murphy Bed",
    "ru": "Murphy Bed",
    "it": "Murphy Bed",
    "fr": "Murphy Bed",
    "de": "Schrankbett"
  },
  "RAT_227": {
    "en": "Premium movie channels",
    "nl": "Premium TV kanalen",
    "cs": "Premium televizn\u00ed kan\u00e1ly",
    "ru": "\u0422\u0412-\u043a\u0430\u043d\u0430\u043b\u044b \u043a\u043b\u0430\u0441\u0441\u0430 \u041f\u0440\u0435\u043c\u0438\u0443\u043c",
    "fr": "Cha\u00eenes de t\u00e9l\u00e9vision payante",
    "de": "Premium-Fernsehkan\u00e4le",
    "it": "TV via satellite e Pay TV"
  },
  "RAT_215": {
    "en": "Media center",
    "nl": "Media center",
    "cs": "M\u00e9diov\u00e9 centrum",
    "ru": "\u041c\u0435\u0434\u0438\u0430-\u0446\u0435\u043d\u0442\u0440",
    "fr": "Centre m\u00e9dia",
    "de": "Medienzentrum",
    "it": "Centro audiovisivo"
  },
  "RAT_5": {
    "en": "Alarm Clock Radio",
    "nl": "AM \/ FM radio",
    "cs": "AM \/ FM r\u00e1dio",
    "ru": "AM \/ FM \u0440\u0430\u0434\u0438\u043e",
    "fr": "Radio r\u00e9veil",
    "de": "AM\/FM Radio",
    "it": "Radio AM\/FM"
  },
  "RAT_505": {
    "en": "Toaster",
    "nl": "Broodrooster",
    "cs": "Toustova\u010d",
    "ru": "\u0422\u043e\u0441\u0442\u0435\u0440",
    "it": "Tostapane",
    "fr": "grille-pain",
    "de": "Toaster"
  },
  "RAT_506": {
    "en": "Water kettle",
    "nl": "Waterkoker",
    "cs": "Rychlovarn\u00e1 konvice",
    "ru": "\u0427\u0430\u0439\u043d\u0438\u043a",
    "it": "Bollitore elettrico",
    "fr": "Bouilloire",
    "de": "Wasserkocher"
  },
  "RAT_507": {
    "en": "Egg cooker",
    "nl": "Eierkoker",
    "cs": "Va\u0159i\u010d vajec",
    "ru": "\u044f\u0439\u0446\u043e \u043f\u043b\u0438\u0442\u0430",
    "it": "Cuociuova",
    "fr": "coqueti\u00e8re",
    "de": "Eierkocher"
  },
  "RAT_508": {
    "en": "Baking oven",
    "nl": "Oven",
    "cs": "Trouba",
    "ru": "\u0414\u0443\u0445\u043e\u0432\u043a\u0430",
    "it": "Forno",
    "fr": "Four \u00e0 cuisson",
    "de": "Backofen"
  },
  "RAT_509": {
    "en": "4 burner cooktop",
    "nl": "4 pits gasfornuis",
    "cs": "4 plot\u00fdnkov\u00fd va\u0159i\u010d",
    "ru": "\u041f\u043b\u0438\u0442\u0430 \u0441 4 \u043a\u043e\u043d\u0444\u043e\u0440\u043a\u0430\u043c\u0438",
    "it": "Fornello elettrico a quattro piastre",
    "fr": "Cuisini\u00e8re",
    "de": "4 Plattenherd"
  },
  "RAT_510": {
    "en": "Microwave",
    "nl": "Magnetron",
    "cs": "Mikrovlnn\u00e1 trouba",
    "ru": "\u041c\u0438\u043a\u0440\u043e\u0432\u043e\u043b\u043d\u043e\u0432\u0430\u044f \u043f\u0435\u0447\u044c",
    "it": "Forno a microonde",
    "fr": "Four \u00e0 micro-ondes",
    "de": "Mikrowelle"
  },
  "RAT_511": {
    "en": "Convection Oven",
    "nl": "Magnetron met bakfunctie",
    "cs": "Mikrovlnn\u00e1 trouba s funkc\u00ed pe\u010den\u00ed",
    "ru": "\u041c\u0438\u043a\u0440\u043e\u0432\u043e\u043b\u043d\u043e\u0432\u0430\u044f \u043f\u0435\u0447\u044c \u0441 \u0444\u0443\u043d\u043a\u0446\u0438\u0435\u0439 \u0432\u044b\u043f\u0435\u0447\u043a\u0438",
    "it": "forno a microonde con funzione forno tradizionale",
    "fr": "Four \u00e0 micro-ondes avec fonction de four \u00e0 convection",
    "de": "Mikrowelle mit Backfunktion"
  },
  "RAT_512": {
    "en": "Towels",
    "nl": "Handdoeken",
    "cs": "Ru\u010dn\u00edky",
    "ru": "\u041f\u043e\u043b\u043e\u0442\u0435\u043d\u0446\u0430 \u0434\u043b\u044f \u0440\u0443\u043a",
    "it": "Asciugamani",
    "fr": "serviettes de bain",
    "de": "Handt\u00fccher"
  },
  "RAT_513": {
    "en": "Cleaning equipment in the flat",
    "nl": "Schoonmaakmateriaal in het appartement",
    "cs": "Pom\u016fcky pro \u010di\u0161t\u011bn\u00ed v byt\u011b",
    "ru": "\u041e\u0431\u043e\u0440\u0443\u0434\u043e\u0432\u0430\u043d\u0438\u0435 \u0434\u043b\u044f \u0443\u0431\u043e\u0440\u043a\u0438 \u0432 \u043a\u0432\u0430\u0440\u0442\u0438\u0440\u0435",
    "it": "Occorrente per pulizie domestiche",
    "fr": "mat\u00e9riel de nettoyage dans l'appartement",
    "de": "Reinigungsausstattung in der Wohnung"
  },
  "RAT_514": {
    "en": "Cleaning equipment in the hotel",
    "nl": "Schoonmaakmateriaal in het hotel",
    "cs": "Pom\u016fcky pro \u010di\u0161t\u011bn\u00ed v hotelu",
    "ru": "\u041e\u0431\u043e\u0440\u0443\u0434\u043e\u0432\u0430\u043d\u0438\u0435 \u0434\u043b\u044f \u0443\u0431\u043e\u0440\u043a\u0438 \u0432 \u043e\u0442\u0435\u043b\u0435",
    "it": "Occorrente per pulizie in hotel",
    "fr": "Mat\u00e9rial de nettoyage dans l'h\u00f4tel",
    "de": "Reinigungsausstattung im Hotel"
  },
  "RAT_515": {
    "en": "Beverages sold on the premises",
    "nl": "Verkoop van drank in het hotel",
    "cs": "Mo\u017enost zakoupen\u00ed n\u00e1poj\u016f v budov\u011b",
    "ru": "\u0412\u043e\u0437\u043c\u043e\u0436\u043d\u043e\u0441\u0442\u044c \u043f\u0440\u0438\u043e\u0431\u0440\u0435\u0442\u0435\u043d\u0438\u044f \u043d\u0430\u043f\u0438\u0442\u043a\u043e\u0432",
    "it": "Servizio bevande nella struttura",
    "fr": "Boissons propos\u00e9es dans l'\u00e9tablissement",
    "de": "Getr\u00e4nkeerwerb im Haus"
  },
  "RAT_516": {
    "en": "Extra bedding linens available",
    "nl": "Beddengoed kunt u ter plaatse huren",
    "cs": "Povle\u010den\u00ed m\u016f\u017ee b\u00fdt zap\u016fj\u010deno na m\u00edst\u011b",
    "ru": "\u0410\u0440\u0435\u043d\u0434\u0430 \u043f\u043e\u0441\u0442\u0435\u043b\u044c\u043d\u044b\u0445 \u043f\u0440\u0438\u043d\u0430\u0434\u043b\u0435\u0436\u043d\u043e\u0441\u0442\u0435\u0439",
    "it": "Possibile servizio lenzuola a pagamento",
    "fr": "Draps de lit \u00e0 disposition sur place",
    "de": "Bettw\u00e4sche kann vor Ort gemietet werden"
  },
  "RAT_517": {
    "en": "Garden view",
    "nl": "Tuin",
    "cs": "Zahrada",
    "ru": "\u0421\u0430\u0434",
    "it": "Vista giardino",
    "fr": "Vue sur jardin",
    "de": "Garten"
  },
  "RAT_801": {
    "en": "Beach View",
    "nl": "Beach View",
    "cs": "Beach View",
    "ru": "Beach View",
    "it": "Beach View",
    "fr": "Beach View",
    "de": "Meerblick"
  },
  "RAT_802": {
    "en": "Ocean View",
    "nl": "Ocean View",
    "cs": "Ocean View",
    "ru": "Ocean View",
    "it": "Ocean View",
    "fr": "Ocean View",
    "de": "Blick auf den Ozean"
  },
  "RAT_803": {
    "en": "Over Water",
    "nl": "Over Water",
    "cs": "Over Water",
    "ru": "Over Water",
    "it": "Over Water",
    "fr": "Over Water",
    "de": "\u00dcber Wasser"
  },
  "RAT_804": {
    "en": "Water closet",
    "nl": "Water closet",
    "cs": "Water closet",
    "ru": "Water closet",
    "it": "Water closet",
    "fr": "Water closet",
    "de": "Toilette"
  },
  "RAT_805": {
    "en": "Lake view",
    "nl": "Lake view",
    "cs": "Lake view",
    "ru": "Lake view",
    "fr": "Lake view",
    "de": "Seeblick",
    "it": "Lake view"
  },
  "RAT_901": {
    "en": "Desk with lamp",
    "nl": "Desk with lamp",
    "cs": "Desk with lamp",
    "ru": "Desk with lamp",
    "it": "Desk with lamp",
    "fr": "Desk with lamp",
    "de": "Tisch mit Lampe"
  },
  "RAT_902": {
    "en": "Private Pool",
    "nl": "Private Pool",
    "cs": "Private Pool",
    "ru": "Private Pool",
    "it": "Private Pool",
    "fr": "Private Pool",
    "de": "Privater Pool"
  },
  "RAT_903": {
    "en": "WiFi",
    "nl": "WiFi",
    "cs": "WiFi",
    "ru": "WiFi",
    "it": "WiFi",
    "fr": "WiFi",
    "de": "Wlan"
  },
  "RAT_904": {
    "en": "Heating",
    "nl": "Heating",
    "cs": "Heating",
    "ru": "Heating",
    "it": "Heating",
    "fr": "Chauffage",
    "de": "Heizung"
  },
  "RAT_021": {
    "de": "Stellplatz",
    "it": "Piazzola",
    "en": "Pitch",
    "nl": "Standplaats",
    "fr": "Emplacement"
  },
  "RAT_022": {
    "de": "Mietcaravan",
    "it": "Roulotte",
    "nl": "Huurcaravan",
    "en": "Rental Caravan",
    "fr": "Caravane"
  },
  "RAT_19": {
    "en": "Coffee Machine",
    "de": "Kaffeemaschine",
    "fr": "Machine à café"
  },
  "RAT_41": {
    "en": "Tiled Stove / Fireplace",
    "de": "Kachelofen / Kamin",
    "fr": "Poêle en faïence / Cheminée"
  },
  "RAT_207": {
    "en": "Complimentary high speed internet in room",
    "de": "Kostenloses High-Speed-Internet im Zimmer",
    "fr": "Internet haut débit gratuit dans la chambre"
  },
  "RAT_91": {
    "en": "Additional Bed Available",
    "de": "Zusätzliches Bett verfügbar",
    "fr": "Lit supplémentaire disponible"
  },
  "RAT_2_126": {
    "en": "Air Condition",
    "de": "Air Condition",
    "fr": "Climatisation"
  },
  "RAT_268": {
    "en": "Room For Allergy-sufferers",
    "de": "Zimmer für Allergiker",
    "fr": "Chambre pour allergiques"
  },
  "RAT_161": {
    "en": "Barrier-free",
    "de": "Barrierefrei",
    "fr": "Sans barrière"
  },
  "RAT_270": {
    "en": "Separate Living-room",
    "de": "Separates Wohnzimmer",
    "fr": "Séjour séparé"
  },
  "RAT_271": {
    "en": "Separate WC",
    "de": "Getrenntes WC",
    "fr": "WC séparé"
  },
  "RAT_16": {
    "en": "Bidet",
    "de": "Bidet",
    "fr": "Bidet"
  },
  "RAT_193": {
    "en": "WC On The Floor",
    "de": "WC auf dem Boden",
    "fr": "WC à létage"
  },
  "RAT_104": {
    "en": "Hi-fi",
    "de": "Hi-Fi",
    "fr": "Hi-fi"
  },
  "RAT_123": {
    "en": "WLAN",
    "de": "WLAN",
    "fr": "WLAN"
  },
  "RAT_18": {
    "en": "Satellite / Cable",
    "de": "Satellit/Kabel",
    "fr": "Satellite / Câble"
  }
}