{
  "ALPINEBITS:1001": {
    "en" : "Bicycle touring"
  },
  "ALPINEBITS:1002": {
    "en" : "Car-free Holiday"
  },
  "ALPINEBITS:1003": {
    "en" : "Cars & Motorcycle"
  },
  "ALPINEBITS:1004": {
    "en" : "Christmas Markets"
  },
  "ALPINEBITS:1005": {
    "en" : "Culture"
  },
  "ALPINEBITS:1006": {
    "en" : "Ecologic Holiday"
  },
  "ALPINEBITS:1007": {
    "en" : "Events"
  },
  "ALPINEBITS:1008": {
    "en" : "Family"
  },
  "ALPINEBITS:1009": {
    "en" : "Food"
  },
  "ALPINEBITS:1010": {
    "en" : "Golf"
  },
  "ALPINEBITS:1011": {
    "en" : "Hiking"
  },
  "ALPINEBITS:1012": {
    "en" : "Horseback Riding"
  },
  "ALPINEBITS:1013": {
    "en" : "Luxury Holiday"
  },
  "ALPINEBITS:1014": {
    "en" : "Mountain Bike"
  },
  "ALPINEBITS:1015": {
    "en" : "Other Summer Activities"
  },
  "ALPINEBITS:1016": {
    "en" : "Other Winter Activities"
  },
  "ALPINEBITS:1017": {
    "en" : "Pets-friendly Holiday"
  },
  "ALPINEBITS:1018": {
    "en" : "Road Bike"
  },
  "ALPINEBITS:1019": {
    "en" : "Romantic Holiday"
  },
  "ALPINEBITS:1020": {
    "en" : "Ski & Snowboard"
  },
  "ALPINEBITS:1021": {
    "en" : "Spa & Health"
  },
  "ALPINEBITS:1022": {
    "en" : "Wine"
  },
  "ALPINEBITS:1023": {
    "en" : "eBike"
  }
}