{
  "RAT_CAM_21": {
    "de": "Stellplatz",
    "it": "Piazzola",
    "en": "Pitch",
    "nl": "Standplaats",
    "fr": "Emplacement"
  },
  "RAT_CAM_22": {
    "de": "Mietcaravan",
    "it": "Roulotte",
    "nl": "Huurcaravan",
    "en": "Rental Caravan",
    "fr": "Caravane"
  },
  "RAT_CAM_101": {
    "de": "Stromanschluss",
    "it": "Collegamento elettrico",
    "en": "Power connection"
  },
  "RAT_CAM_201": {
    "de": "Wasseranschluss",
    "it": "Collegamento dell'acqua",
    "en": "Water connection"
  },
  "RAT_CAM_202": {
    "de": "Abwasseranschluss",
    "it": "Collegamento acque reflue",
    "en": "Sewage connection"
  },
  "RAT_CAM_203": {
     "de": "TV-Anschluss",
     "it": "Collegamento TV",
     "en": "TV connection"
   },
  "RAT_CAM_204": {
    "de": "Gasanschluss",
    "it": "Collegamento Gas",
    "en": "Gas connection"
  }
}