{
  "42": {
    "de": "Zimmer",
    "it": "Camera",
    "en": "Room",
    "nl": "Kamer",
    "fr": "Chambre"
  },
  "3": {
    "de":"Suite",
    "it":"Suite",
    "nl":"Suite",
    "en":"Suite",
    "fr":"Suite"
  },
  "16": {
    "de":"Studio",
    "nl":"Studio",
    "it":"Studio",
    "en":"Studio",
    "fr":"Studio"
  },
  "45": {
    "de":"Ferienhaus",
    "it":"Casa vacanze",
    "nl":"Vakantiehuis",
    "en":"Villa",
    "fr":"Villa"
  },
  "13": {
    "de": "Apartment",
    "it": "Appartamento",
    "nl": "Appartement",
    "en": "Appartement",
    "fr": "Appartement"
  },
  "39": {
   "de": "Almhütte",
   "nl": "Almhütte",
   "it": "Malga",
   "en": "Cottage",
   "fr": "Chalet"
  }
 
}
