{"IT":{"de":"Italien","en":"Italy","it":"Italia"},"AT":{"de":"\u00d6sterreich","en":"Austria","it":"Austria"},"DE":{"de":"Deutschland","en":"Germany","it":"Germania"},"CH":{"de":"Schweiz","en":"Switzerland","it":"Svizzera"},"AD":{"de":"Andorra","en":"Andorra","it":"Andorra"},"AE":{"de":"Vereinigte Arabische Emirate","en":"United Arab Emirates","it":"United Arab Emirates"},"AF":{"de":"Afghanistan","en":"Afghanistan","it":"Afghanistan"},"AG":{"de":"Antigua und Barbuda","en":"Antigua And Barbuda","it":"Antigua And Barbuda"},"AI":{"de":"Anguilla","en":"Anguilla","it":"Anguilla"},"AL":{"de":"Albanien","en":"Albania","it":"Albania"},"AM":{"de":"Armenien","en":"Armenia","it":"Armenia"},"AN":{"de":"Niederl\u00e4ndische Antillen","en":"Netherlands Antilles","it":"Netherlands Antilles"},"AO":{"de":"Angola","en":"Angola","it":"Angola"},"AQ":{"de":"Antarktis","en":"Antarctica","it":"Antarctica"},"AR":{"de":"Argentinien","en":"Argentina","it":"Argentina"},"AS":{"de":"Amerikanisch-Samoa","en":"American Samoa","it":"American Samoa"},"AU":{"de":"Australien","en":"Australia","it":"Australia"},"AW":{"de":"Aruba","en":"Aruba","it":"Aruba"},"AX":{"de":"Aland","en":"\u00c5land Islands","it":"\u00c5land Islands"},"AZ":{"de":"Aserbaidschan","en":"Azerbaijan","it":"Azerbaijan"},"BA":{"de":"Bosnien und Herzegowina","en":"Bosnia And Herzegovina","it":"Bosnia And Herzegovina"},"BB":{"de":"Barbados","en":"Barbados","it":"Barbados"},"BD":{"de":"Bangladesch","en":"Bangladesh","it":"Bangladesh"},"BE":{"de":"Belgien","en":"Belgium","it":"Belgium"},"BF":{"de":"Burkina Faso","en":"Burkina Faso","it":"Burkina Faso"},"BG":{"de":"Bulgarien","en":"Bulgaria","it":"Bulgaria"},"BH":{"de":"Bahrain","en":"Bahrain","it":"Bahrain"},"BI":{"de":"Burundi","en":"Burundi","it":"Burundi"},"BJ":{"de":"Benin","en":"Benin","it":"Benin"},"BM":{"de":"Bermuda","en":"Bermuda","it":"Bermuda"},"BN":{"de":"Brunei","en":"Brunei Darussalam","it":"Brunei Darussalam"},"BO":{"de":"Bolivien","en":"Bolivia","it":"Bolivia"},"BR":{"de":"Brasilien","en":"Brazil","it":"Brazil"},"BS":{"de":"Bahamas","en":"Bahamas","it":"Bahamas"},"BT":{"de":"Bhutan","en":"Bhutan","it":"Bhutan"},"BV":{"de":"Bouvetinsel","en":"Bouvet Island","it":"Bouvet Island"},"BW":{"de":"Botswana","en":"Botswana","it":"Botswana"},"BY":{"de":"Wei\u00dfrussland","en":"Belarus","it":"Belarus"},"BZ":{"de":"Belize","en":"Belize","it":"Belize"},"CA":{"de":"Kanada","en":"Canada","it":"Canada"},"CC":{"de":"Kokosinseln","en":"Cocos (keeling) Islands","it":"Cocos (keeling) Islands"},"CD":{"de":"Kongo, Demokratische Republik","en":"Congo, The Democratic Republic Of The","it":"Congo, The Democratic Republic Of The"},"CF":{"de":"Zentralafrikanische Republik","en":"Central African Republic","it":"Central African Republic"},"CG":{"de":"Kongo, Republik","en":"Congo","it":"Congo"},"CI":{"de":"Cote d'Ivoire","en":"C\u00d4te D'ivoire","it":"C\u00d4te D'ivoire"},"CK":{"de":"Cookinseln","en":"Cook Islands","it":"Cook Islands"},"CL":{"de":"Chile","en":"Chile","it":"Chile"},"CM":{"de":"Kamerun","en":"Cameroon","it":"Cameroon"},"CN":{"de":"China, Volksrepublik","en":"China","it":"China"},"CO":{"de":"Kolumbien","en":"Colombia","it":"Colombia"},"CR":{"de":"Costa Rica","en":"Costa Rica","it":"Costa Rica"},"CU":{"de":"Kuba","en":"Cuba","it":"Cuba"},"CV":{"de":"Kap Verde, Republik","en":"Cape Verde","it":"Cape Verde"},"CX":{"de":"Weihnachtsinsel","en":"Christmas Island","it":"Christmas Island"},"CY":{"de":"Zypern, Republik","en":"Cyprus","it":"Cyprus"},"CZ":{"de":"Tschechische Republik","en":"Czech Republic","it":"Czech Republic"},"DJ":{"de":"Dschibuti","en":"Djibouti","it":"Djibouti"},"DK":{"de":"D\u00e4nemark","en":"Denmark","it":"Denmark"},"DM":{"de":"Dominica","en":"Dominica","it":"Dominica"},"DO":{"de":"Dominikanische Republik","en":"Dominican Republic","it":"Dominican Republic"},"DZ":{"de":"Algerien","en":"Algeria","it":"Algeria"},"EC":{"de":"Ecuador","en":"Ecuador","it":"Ecuador"},"EE":{"de":"Estland","en":"Estonia","it":"Estonia"},"EG":{"de":"\u00c4gypten","en":"Egypt","it":"Egypt"},"EH":{"de":"Westsahara","en":"Western Sahara","it":"Western Sahara"},"ER":{"de":"Eritrea","en":"Eritrea","it":"Eritrea"},"ES":{"de":"Spanien","en":"Spain","it":"Spain"},"ET":{"de":"\u00c4thiopien","en":"Ethiopia","it":"Ethiopia"},"FI":{"de":"Finnland","en":"Finland","it":"Finland"},"FJ":{"de":"Fidschi","en":"Fiji","it":"Fiji"},"FK":{"de":"Falklandinseln","en":"Falkland Islands (malvinas)","it":"Falkland Islands (malvinas)"},"FM":{"de":"Mikronesien, F\u00f6derierte Staaten von","en":"Micronesia, Federated States Of","it":"Micronesia, Federated States Of"},"FO":{"de":"F\u00e4r\u00f6er","en":"Faroe Islands","it":"Faroe Islands"},"FR":{"de":"Frankreich","en":"France","it":"France"},"GA":{"de":"Gabun","en":"Gabon","it":"Gabon"},"GB":{"de":"Vereinigtes K\u00f6nigreich von Gro\u00dfbritannien und Nordirland","en":"United Kingdom","it":"United Kingdom"},"GD":{"de":"Grenada","en":"Grenada","it":"Grenada"},"GE":{"de":"Georgien","en":"Georgia","it":"Georgia"},"GF":{"de":"Franz\u00f6sisch-Guayana","en":"French Guiana","it":"French Guiana"},"GG":{"de":"Guernsey, Vogtei","en":"Guernsey","it":"Guernsey"},"GH":{"de":"Ghana, Republik","en":"Ghana","it":"Ghana"},"GI":{"de":"Gibraltar","en":"Gibraltar","it":"Gibraltar"},"GL":{"de":"Gr\u00f6nland","en":"Greenland","it":"Greenland"},"GM":{"de":"Gambia","en":"Gambia","it":"Gambia"},"GN":{"de":"Guinea, Republik","en":"Guinea","it":"Guinea"},"GQ":{"de":"\u00c4quatorialguinea, Republik","en":"Equatorial Guinea","it":"Equatorial Guinea"},"GR":{"de":"Griechenland","en":"Greece","it":"Greece"},"GS":{"de":"S\u00fcdgeorgien und die S\u00fcdlichen Sandwichinseln","en":"South Georgia And The South Sandwich Islands","it":"South Georgia And The South Sandwich Islands"},"GT":{"de":"Guatemala","en":"Guatemala","it":"Guatemala"},"GU":{"de":"Guam","en":"Guam","it":"Guam"},"GW":{"de":"Guinea-Bissau, Republik","en":"Guinea-bissau","it":"Guinea-bissau"},"GY":{"de":"Guyana","en":"Guyana","it":"Guyana"},"HK":{"de":"Hongkong","en":"Hong Kong","it":"Hong Kong"},"HM":{"de":"Heard und McDonaldinseln","en":"Heard Island And Mcdonald Islands","it":"Heard Island And Mcdonald Islands"},"HN":{"de":"Honduras","en":"Honduras","it":"Honduras"},"HR":{"de":"Kroatien","en":"Croatia","it":"Croatia"},"HT":{"de":"Haiti","en":"Haiti","it":"Haiti"},"HU":{"de":"Ungarn","en":"Hungary","it":"Hungary"},"ID":{"de":"Indonesien","en":"Indonesia","it":"Indonesia"},"IE":{"de":"Irland, Republik","en":"Ireland","it":"Ireland"},"IL":{"de":"Israel","en":"Israel","it":"Israel"},"IM":{"de":"Insel Mann","en":"Isle Of Man","it":"Isle Of Man"},"IN":{"de":"Indien","en":"India","it":"India"},"IO":{"de":"Britisches Territorium im Indischen Ozean","en":"British Indian Ocean Territory","it":"British Indian Ocean Territory"},"IQ":{"de":"Irak","en":"Iraq","it":"Iraq"},"IR":{"de":"Iran","en":"Iran, Islamic Republic Of","it":"Iran, Islamic Republic Of"},"IS":{"de":"Island","en":"Iceland","it":"Iceland"},"JE":{"de":"Jersey","en":"Jersey","it":"Jersey"},"JM":{"de":"Jamaika","en":"Jamaica","it":"Jamaica"},"JO":{"de":"Jordanien","en":"Jordan","it":"Jordan"},"JP":{"de":"Japan","en":"Japan","it":"Japan"},"KE":{"de":"Kenia","en":"Kenya","it":"Kenya"},"KG":{"de":"Kirgisistan","en":"Kyrgyzstan","it":"Kyrgyzstan"},"KH":{"de":"Kambodscha","en":"Cambodia","it":"Cambodia"},"KI":{"de":"Kiribati","en":"Kiribati","it":"Kiribati"},"KM":{"de":"Komoren","en":"Comoros","it":"Comoros"},"KN":{"de":"St. Kitts und Nevis","en":"Saint Kitts And Nevis","it":"Saint Kitts And Nevis"},"KP":{"de":"Korea, Demokratische Volkrepublik","en":"Korea, Democratic People's Republic Of","it":"Korea, Democratic People's Republic Of"},"KR":{"de":"Korea, Republik","en":"Korea, Republic Of","it":"Korea, Republic Of"},"KW":{"de":"Kuwait","en":"Kuwait","it":"Kuwait"},"KY":{"de":"Kaimaninseln","en":"Cayman Islands","it":"Cayman Islands"},"KZ":{"de":"Kasachstan","en":"Kazakhstan","it":"Kazakhstan"},"LA":{"de":"Laos","en":"Lao People's Democratic Republic","it":"Lao People's Democratic Republic"},"LB":{"de":"Libanon","en":"Lebanon","it":"Lebanon"},"LC":{"de":"St. Lucia","en":"Saint Lucia","it":"Saint Lucia"},"LI":{"de":"Liechtenstein, F\u00fcrstentum","en":"Liechtenstein","it":"Liechtenstein"},"LK":{"de":"Sri Lanka","en":"Sri Lanka","it":"Sri Lanka"},"LR":{"de":"Liberia, Republik","en":"Liberia","it":"Liberia"},"LS":{"de":"Lesotho","en":"Lesotho","it":"Lesotho"},"LT":{"de":"Litauen","en":"Lithuania","it":"Lithuania"},"LU":{"de":"Luxemburg","en":"Luxembourg","it":"Luxembourg"},"LV":{"de":"Lettland","en":"Latvia","it":"Latvia"},"LY":{"de":"Libyen","en":"Libyan Arab Jamahiriya","it":"Libyan Arab Jamahiriya"},"MA":{"de":"Marokko","en":"Morocco","it":"Morocco"},"MC":{"de":"Monaco","en":"Monaco","it":"Monaco"},"MD":{"de":"Moldawien","en":"Moldova","it":"Moldova"},"MG":{"de":"Madagaskar, Republik","en":"Madagascar","it":"Madagascar"},"MH":{"de":"Marshallinseln","en":"Marshall Islands","it":"Marshall Islands"},"MK":{"de":"Mazedonien","en":"Macedonia, The Former Yugoslav Republic Of","it":"Macedonia, The Former Yugoslav Republic Of"},"ML":{"de":"Mali, Republik","en":"Mali","it":"Mali"},"MM":{"de":"Myanmar","en":"Myanmar","it":"Myanmar"},"MN":{"de":"Mongolei","en":"Mongolia","it":"Mongolia"},"MO":{"de":"Macao","en":"Macao","it":"Macao"},"MP":{"de":"N\u00f6rdliche Marianen","en":"Northern Mariana Islands","it":"Northern Mariana Islands"},"MQ":{"de":"Martinique","en":"Martinique","it":"Martinique"},"MR":{"de":"Mauretanien","en":"Mauritania","it":"Mauritania"},"MS":{"de":"Montserrat","en":"Montserrat","it":"Montserrat"},"MT":{"de":"Malta","en":"Malta","it":"Malta"},"MU":{"de":"Mauritius, Republik","en":"Mauritius","it":"Mauritius"},"MV":{"de":"Malediven","en":"Maldives","it":"Maldives"},"MW":{"de":"Malawi, Republik","en":"Malawi","it":"Malawi"},"MX":{"de":"Mexiko","en":"Mexico","it":"Mexico"},"MY":{"de":"Malaysia","en":"Malaysia","it":"Malaysia"},"MZ":{"de":"Mosambik","en":"Mozambique","it":"Mozambique"},"NA":{"de":"Namibia, Republik","en":"Namibia","it":"Namibia"},"NC":{"de":"Neukaledonien","en":"New Caledonia","it":"New Caledonia"},"NE":{"de":"Niger","en":"Niger","it":"Niger"},"NF":{"de":"Norfolkinsel","en":"Norfolk Island","it":"Norfolk Island"},"NG":{"de":"Nigeria","en":"Nigeria","it":"Nigeria"},"NI":{"de":"Nicaragua","en":"Nicaragua","it":"Nicaragua"},"NL":{"de":"Niederlande","en":"Netherlands","it":"Netherlands"},"NO":{"de":"Norwegen","en":"Norway","it":"Norway"},"NP":{"de":"Nepal","en":"Nepal","it":"Nepal"},"NR":{"de":"Nauru","en":"Nauru","it":"Nauru"},"NU":{"de":"Niue","en":"Niue","it":"Niue"},"NZ":{"de":"Neuseeland","en":"New Zealand","it":"New Zealand"},"OM":{"de":"Oman","en":"Oman","it":"Oman"},"PA":{"de":"Panama","en":"Panama","it":"Panama"},"PE":{"de":"Peru","en":"Peru","it":"Peru"},"PF":{"de":"Franz\u00f6sisch-Polynesien","en":"French Polynesia","it":"French Polynesia"},"PG":{"de":"Papua-Neuguinea","en":"Papua New Guinea","it":"Papua New Guinea"},"PH":{"de":"Philippinen","en":"Philippines","it":"Philippines"},"PK":{"de":"Pakistan","en":"Pakistan","it":"Pakistan"},"PL":{"de":"Polen","en":"Poland","it":"Poland"},"PM":{"de":"St. Pierre und Miquelon","en":"Saint Pierre And Miquelon","it":"Saint Pierre And Miquelon"},"PN":{"de":"Pitcairninseln","en":"Pitcairn","it":"Pitcairn"},"PR":{"de":"Puerto Rico","en":"Puerto Rico","it":"Puerto Rico"},"PS":{"de":"Pal\u00e4stinensische Autonomiegebiete","en":"Palestinian Territory, Occupied","it":"Palestinian Territory, Occupied"},"PT":{"de":"Portugal","en":"Portugal","it":"Portugal"},"PW":{"de":"Palau","en":"Palau","it":"Palau"},"PY":{"de":"Paraguay","en":"Paraguay","it":"Paraguay"},"QA":{"de":"Katar","en":"Qatar","it":"Qatar"},"RE":{"de":"R\u00e9union","en":"R\u00c9union","it":"R\u00c9union"},"RO":{"de":"Rum\u00e4nien","en":"Romania","it":"Romania"},"RU":{"de":"Russische F\u00f6deration","en":"Russian Federation","it":"Russian Federation"},"RW":{"de":"Ruanda, Republik","en":"Rwanda","it":"Rwanda"},"SA":{"de":"Saudi-Arabien, K\u00f6nigreich","en":"Saudi Arabia","it":"Saudi Arabia"},"SB":{"de":"Salomonen","en":"Solomon Islands","it":"Solomon Islands"},"SC":{"de":"Seychellen, Republik der","en":"Seychelles","it":"Seychelles"},"SD":{"de":"Sudan","en":"Sudan","it":"Sudan"},"SE":{"de":"Schweden","en":"Sweden","it":"Sweden"},"SG":{"de":"Singapur","en":"Singapore","it":"Singapore"},"SH":{"de":"Die Kronkolonie St. Helena und Nebengebiete","en":"Saint Helena","it":"Saint Helena"},"SI":{"de":"Slowenien","en":"Slovenia","it":"Slovenia"},"SJ":{"de":"Svalbard und Jan Mayen","en":"Svalbard And Jan Mayen","it":"Svalbard And Jan Mayen"},"SK":{"de":"Slowakei","en":"Slovakia","it":"Slovakia"},"SL":{"de":"Sierra Leone, Republik","en":"Sierra Leone","it":"Sierra Leone"},"SM":{"de":"San Marino","en":"San Marino","it":"San Marino"},"SN":{"de":"Senegal","en":"Senegal","it":"Senegal"},"SO":{"de":"Somalia, Demokratische Republik","en":"Somalia","it":"Somalia"},"SR":{"de":"Suriname","en":"Suriname","it":"Suriname"},"ST":{"de":"S\u00e3o Tom\u00e9 und Pr\u00edncipe","en":"Sao Tome And Principe","it":"Sao Tome And Principe"},"SV":{"de":"El Salvador","en":"El Salvador","it":"El Salvador"},"SY":{"de":"Syrien","en":"Syrian Arab Republic","it":"Syrian Arab Republic"},"SZ":{"de":"Swasiland","en":"Swaziland","it":"Swaziland"},"TC":{"de":"Turks- und Caicosinseln","en":"Turks And Caicos Islands","it":"Turks And Caicos Islands"},"TD":{"de":"Tschad, Republik","en":"Chad","it":"Chad"},"TF":{"de":"Franz\u00f6sische S\u00fcd- und Antarktisgebiete","en":"French Southern Territories","it":"French Southern Territories"},"TG":{"de":"Togo, Republik","en":"Togo","it":"Togo"},"TH":{"de":"Thailand","en":"Thailand","it":"Thailand"},"TJ":{"de":"Tadschikistan","en":"Tajikistan","it":"Tajikistan"},"TK":{"de":"Tokelau","en":"Tokelau","it":"Tokelau"},"TL":{"de":"Timor-Leste, Demokratische Republik","en":"Timor-leste","it":"Timor-leste"},"TM":{"de":"Turkmenistan","en":"Turkmenistan","it":"Turkmenistan"},"TN":{"de":"Tunesien","en":"Tunisia","it":"Tunisia"},"TO":{"de":"Tonga","en":"Tonga","it":"Tonga"},"TR":{"de":"T\u00fcrkei","en":"Turkey","it":"Turkey"},"TT":{"de":"Trinidad und Tobago","en":"Trinidad And Tobago","it":"Trinidad And Tobago"},"TV":{"de":"Tuvalu","en":"Tuvalu","it":"Tuvalu"},"TW":{"de":"Taiwan","en":"Taiwan, Province Of China","it":"Taiwan, Province Of China"},"TZ":{"de":"Tansania, Vereinigte Republik","en":"Tanzania, United Republic Of","it":"Tanzania, United Republic Of"},"UA":{"de":"Ukraine","en":"Ukraine","it":"Ukraine"},"UG":{"de":"Uganda, Republik","en":"Uganda","it":"Uganda"},"US":{"de":"Vereinigte Staaten von Amerika","en":"United States","it":"United States"},"UY":{"de":"Uruguay","en":"Uruguay","it":"Uruguay"},"UZ":{"de":"Usbekistan","en":"Uzbekistan","it":"Uzbekistan"},"VA":{"de":"Vatikanstadt","en":"Holy See (vatican City State)","it":"Holy See (vatican City State)"},"VC":{"de":"St. Vincent und die Grenadinen (GB)","en":"Saint Vincent And The Grenadines","it":"Saint Vincent And The Grenadines"},"VE":{"de":"Venezuela","en":"Venezuela","it":"Venezuela"},"VG":{"de":"Britische Jungferninseln","en":"Virgin Islands, British","it":"Virgin Islands, British"},"VI":{"de":"Amerikanische Jungferninseln","en":"Virgin Islands, U.s.","it":"Virgin Islands, U.s."},"VN":{"de":"Vietnam","en":"Viet Nam","it":"Viet Nam"},"VU":{"de":"Vanuatu","en":"Vanuatu","it":"Vanuatu"},"WF":{"de":"Wallis und Futuna","en":"Wallis And Futuna","it":"Wallis And Futuna"},"WS":{"de":"Samoa","en":"Samoa","it":"Samoa"},"YE":{"de":"Jemen","en":"Yemen","it":"Yemen"},"YT":{"de":"Mayotte","en":"Mayotte","it":"Mayotte"},"ZA":{"de":"S\u00fcdafrika, Republik","en":"South Africa","it":"South Africa"},"ZM":{"de":"Sambia, Republik","en":"Zambia","it":"Zambia"},"ZW":{"de":"Simbabwe, Republik","en":"Zimbabwe","it":"Zimbabwe"}}