{
  "DECRYPT_RESTRICTIONS": {
    "1": "0",
    "2": "0",
    "3": "0",
    "4": "0",
    "5": "0",
    "6": "0",
    "7": "0",
    "A": "$",
    "a": "1",
    "b": "2",
    "c": "3",
    "d": "4",
    "e": "5",
    "f": "6",
    "g": "7",
    "h": "8",
    "i": "9",
    "j": "10",
    "k": "11",
    "l": "12",
    "m": "13",
    "n": "14",
    "o": "15",
    "p": "16",
    "q": "17",
    "r": "18",
    "s": "19",
    "t": "20",
    "u": "21",
    "v": "22",
    "w": "23",
    "x": "24",
    "y": "25",
    "z": "26"
  },
  "DECRYPT_RESTRICTIONS_MAX_LOS": {
    "5": "0",
    "A": "$",
    "a": "1",
    "b": "2",
    "c": "3",
    "d": "4",
    "e": "5",
    "f": "6",
    "g": "7",
    "h": "8",
    "i": "9",
    "j": "10",
    "k": "11",
    "l": "12",
    "m": "13",
    "n": "14",
    "o": "15",
    "p": "16",
    "q": "17",
    "r": "18",
    "s": "19",
    "t": "20",
    "u": "21",
    "v": "22",
    "w": "23",
    "x": "24",
    "y": "25",
    "z": "26"
  },
  "DECRYPT_RESTRICTIONS_MIN_STAY_THRU": {
    "5": "0",
    "a": "1",
    "b": "2",
    "c": "3",
    "d": "4",
    "e": "5",
    "f": "6",
    "g": "7",
    "h": "8",
    "i": "9",
    "j": "10",
    "k": "11",
    "l": "12",
    "m": "13",
    "n": "14",
    "o": "15",
    "p": "16",
    "q": "17",
    "r": "18",
    "s": "19",
    "t": "20",
    "u": "21",
    "v": "22",
    "w": "23",
    "x": "24",
    "y": "25",
    "z": "26"
  },
  "DECRYPT_RESTRICTIONS_MAX_STAY_THRU": {
    "5": "0",
    "a": "1",
    "b": "2",
    "c": "3",
    "d": "4",
    "e": "5",
    "f": "6",
    "g": "7",
    "h": "8",
    "i": "9",
    "j": "10",
    "k": "11",
    "l": "12",
    "m": "13",
    "n": "14",
    "o": "15",
    "p": "16",
    "q": "17",
    "r": "18",
    "s": "19",
    "t": "20",
    "u": "21",
    "v": "22",
    "w": "23",
    "x": "24",
    "y": "25",
    "z": "26"
  },
  "DECRYPT_RESTRICTIONS_CHANGEOVER": {
    "-": "0",
    "0": "0",
    "1": "1",
    "2": "2",
    "3": "3"
  }
}
