{
  "1": {
    "title": {
      "en": "General Amenities",
      "de": "Allgemeine Ausstattung",
      "it": "Occorrente generico",
      "fr": "Equipements g\u00e9n\u00e9raux"
    },
    "description": {
      "en": "Basic facilities and services offered ",
      "de": "Allgemeine Ausstattung und Dienstleistungen",
      "it": "Servizi offerti dall'hotel",
      "fr": "Equipements de base de l'\u00e9tablissement et services propos\u00e9s"
    },
    "amenities": {
      "HAC_3": {
        "de": "24h Sicherheitspersonal",
        "it": "Servizio vigilanza 24 ore su 24",
        "en": "24h security",
        "fr": "Personnel de s\u00e9curit\u00e9 24h\/24h"
      },
      "HAC_268": {
        "de": "Alle \u00f6ffentlichen Bereiche sind Nichtraucherbereiche",
        "it": "Tutti gli spazi pubblici sono aree non fumatori",
        "en": "Non-smoking property",
        "fr": "Etablissement non-fumeur"
      },
      "UAB_434": {
        "de": "Aufenthaltsraum",
        "it": "Sala d'aspetto",
        "en": "Lounge",
        "fr": "Salle de s\u00e9jour"
      },
      "HAC_47": {
        "de": "Behindertengerecht",
        "it": "Struttura accessibile ai disabili",
        "en": "Accessible facilities",
        "fr": "Adapt\u00e9 aux besoins des handicap\u00e9s"
      },
      "HAC_1": {
        "de": "Durchgehende Rezeption",
        "it": "Reception con servizio ad orario continuato",
        "en": "24-hour front desk",
        "fr": "R\u00e9ception 24h\/24h"
      },
      "HAC_33": {
        "de": "Fahrstuhl",
        "it": "Ascensore",
        "en": "Elevator",
        "fr": "Ascenseur"
      },
      "UAB_440": {
        "de": "Fernsehraum",
        "it": "Sala TV",
        "en": "TV room",
        "fr": "Salle de t\u00e9l\u00e9vision"
      },
      "RVT_16": {
        "de": "Garten",
        "it": "Garden View",
        "en": "Garden View",
        "fr": "Garden View"
      },
      "HAC_201": {
        "de": "Gep\u00e4ckraum",
        "it": "Bagagliaio",
        "en": "Baggage hold",
        "fr": "Local \u00e0 bagages"
      },
      "UAB_367": {
        "de": "Hauskapelle",
        "it": "Cappella",
        "en": "Chapel",
        "fr": "Propre Chapelle"
      },
      "HAC_224": {
        "de": "Haustiere erlaubt",
        "it": "Pets allowed",
        "en": "Pets allowed",
        "fr": "Pets allowed"
      },
      "HAC_214": {
        "de": "Haustiergerecht",
        "it": "Struttura idonea alla presenza di animali domestici",
        "en": "Pet Friendly",
        "fr": "Animaux de compagnie bienvenus"
      },
      "UAB_714": {
        "de": "Keine Haustiere erlaubt",
        "it": "No pets allowed",
        "en": "No pets allowed",
        "fr": "No pets allowed"
      },
      "HAC_5": {
        "de": "Klimaanlage",
        "it": "Aria condizionata",
        "en": "Air Conditioning",
        "fr": "Climatisation"
      },
      "UAB_447": {
        "de": "Lesezimmer",
        "it": "Sala lettura",
        "en": "Reading Room",
        "fr": "Salon de lecture"
      },
      "UAB_460": {
        "de": "Lobby",
        "it": "Hall",
        "en": "Lobby",
        "fr": "Lobby"
      },
      "RVT_15": {
        "de": "Meerblick",
        "it": "Beach View",
        "en": "Beach View",
        "fr": "Beach View"
      },
      "UAB_561": {
        "de": "Mitnahme von Hunden erlaubt",
        "it": "I cani sono ammessi",
        "en": "Dogs are allowed",
        "fr": "Les chiens sont accept\u00e9s"
      },
      "HAC_198": {
        "de": "Nichtraucherzimmer",
        "it": "Camere non fumatori",
        "en": "Non-smoking rooms",
        "fr": "Chambres non-fumeurs"
      },
      "HAC_148": {
        "de": "Rezeption",
        "it": "Reception",
        "en": "Front desk",
        "fr": "R\u00e9ception"
      },
      "HAC_101": {
        "de": "Rollstuhlzugang",
        "it": "Accesso per sedie a rotelle",
        "en": "Wheel chair access",
        "fr": "Acc\u00e8s chaise roulante"
      },
      "HAC_78": {
        "de": "Safe",
        "it": "Cassaforte",
        "en": "Safe deposit",
        "fr": "Coffre-fort"
      },
      "UAB_458": {
        "de": "Skiraum",
        "it": "Deposito sci",
        "en": "Ski room",
        "fr": "Local pour skis"
      },
      "UAB_495": {
        "de": "Skischuhtrockner",
        "it": "Asciuga scarponi",
        "en": "Ski boot dryer",
        "fr": "S\u00e8che-chaussures de ski"
      }
    }
  },
  "10": {
    "title": {
      "en": "Transportation",
      "de": "Anfahrtsm\u00f6glichkeiten",
      "it": "Come raggiungerci",
      "fr": "Possibilit\u00e9s d'acc\u00e8s"
    },
    "description": {
      "en": "Transportation",
      "de": "Anfahrtsm\u00f6glichkeiten",
      "it": "Come raggiungerci",
      "fr": "Possibilit\u00e9s d'acc\u00e8s"
    },
    "amenities": {
      "TRP_5": {
        "de": "Auto",
        "it": "Automobile",
        "en": "Car",
        "fr": "Voiture"
      },
      "TRP_3": {
        "de": "Bus",
        "it": "Autobus",
        "en": "Bus",
        "fr": "Bus"
      },
      "TRP_4": {
        "de": "Seilbahn",
        "it": "Funivia",
        "en": "Cable Car",
        "fr": "T\u00e9l\u00e9ph\u00e9rique"
      },
      "SKD_5": {
        "de": "Speedboot-Transfer",
        "it": "Speedboat Transfers",
        "en": "Speedboat Transfers",
        "fr": "Speedboat Transfers"
      },
      "TRP_20": {
        "de": "Taxi",
        "it": "Taxi",
        "en": "Taxi",
        "fr": "Taxi"
      },
      "TRP_18": {
        "de": "U-Bahn",
        "it": "Metropolitana",
        "en": "Subway",
        "fr": "M\u00e9tro"
      },
      "SKD_8": {
        "de": "Wasserflugzeug",
        "it": "Sea Plane",
        "en": "Sea Plane",
        "fr": "Sea Plane"
      },
      "TRP_21": {
        "de": "Zug",
        "it": "Treno",
        "en": "Train",
        "fr": "Train"
      }
    }
  },
  "14": {
    "title": {
      "en": "Onsite Accepted Payment Methods",
      "de": "Vor Ort akzeptierte Zahlungsmittel",
      "it": "Modalit\u00e0 di pagamento accettate sul posto",
      "fr": "Moyens de paiement accept\u00e9s sur place"
    },
    "amenities": {
      "PAY_104": {
        "de": "American Express",
        "it": "American Express",
        "en": "American Express",
        "fr": "American Express"
      },
      "PAY_103": {
        "de": "Barzahlung",
        "it": "Pagamento in contanti",
        "en": "Cash",
        "fr": "Paiement au comptant"
      },
      "PAY_106": {
        "de": "Diners Club",
        "it": "Diners Club",
        "en": "Diners Club",
        "fr": "Diners Club"
      },
      "PAY_111": {
        "de": "Discover",
        "it": "Discover",
        "en": "Discover",
        "fr": "Discover"
      },
      "PAY_100": {
        "de": "EC-Karte \/ Bankomatkarte (Maestro)",
        "it": "Carta EC \/ Bancomat (Maestro)",
        "en": "ATM Card (Maestro)",
        "fr": "Carte EC \/ Carte bancomat (Maestro)"
      },
      "PAY_110": {
        "de": "JCB",
        "it": "JCB",
        "en": "JCB",
        "fr": "JCB"
      },
      "PAY_108": {
        "de": "Mastercard\/Eurocard",
        "it": "Mastercard \/ Eurocard",
        "en": "Master Card \/ Euro Card",
        "fr": "Mastercard \/ Eurocard"
      },
      "PAY_101": {
        "de": "QuickCard",
        "it": "Carta prepagata",
        "en": "QuickCard",
        "fr": "QuickCard"
      },
      "PAY_102": {
        "de": "Scheck",
        "it": "Assegno",
        "en": "Check",
        "fr": "Ch\u00e8ques"
      },
      "PAY_105": {
        "de": "Travellercheques",
        "it": "Assegni turistici",
        "en": "Travelers Cheques",
        "fr": "Travelers Cheques"
      },
      "PAY_109": {
        "de": "Visa",
        "it": "Visa",
        "en": "Visa",
        "fr": "Visa"
      },
      "PAY_107": {
        "de": "\u00dcberweisung",
        "it": "Bonifico bancario",
        "en": "Bank Transfer",
        "fr": "Virement bancaire\/postal"
      }
    }
  },
  "15": {
    "title": {
      "en": "Languages spoken onsite",
      "de": "Vor Ort gesprochene Sprachen",
      "it": "Lingue parlate sul posto",
      "fr": "Langues parl\u00e9es sur place"
    },
    "amenities": {
      "LNG_DE": {
        "de": "Deutsch",
        "it": "Tedesco",
        "en": "German",
        "fr": "Allemand"
      },
      "LNG_DA": {
        "de": "D\u00e4nisch",
        "it": "Danese",
        "en": "Danish",
        "fr": "Danois"
      },
      "LNG_EN": {
        "de": "Englisch",
        "it": "Inglese",
        "en": "English",
        "fr": "Anglais"
      },
      "LNG_FR": {
        "de": "Franz\u00f6sisch",
        "it": "Francese",
        "en": "French",
        "fr": "Fran\u00e7ais"
      },
      "LNG_EL": {
        "de": "Griechisch",
        "it": "Greco",
        "en": "Greek",
        "fr": "Greque"
      },
      "LNG_IT": {
        "de": "Italienisch",
        "it": "Italiano",
        "en": "Italian",
        "fr": "Italien"
      },
      "LNG_HR": {
        "de": "Kroatisch",
        "it": "Croato",
        "en": "Croatian",
        "fr": "Croate"
      },
      "LNG_NL": {
        "de": "Niederl\u00e4ndisch",
        "it": "Olandese",
        "en": "Dutch",
        "fr": "Hollandais"
      },
      "LNG_PL": {
        "de": "Polnisch",
        "it": "Polacco",
        "en": "Polish",
        "fr": "Polonais"
      },
      "LNG_PT": {
        "de": "Portugiesisch",
        "it": "Portoghese",
        "en": "Portuguese",
        "fr": "Portugais"
      },
      "LNG_RU": {
        "de": "Russisch",
        "it": "Russo",
        "en": "Russian",
        "fr": "Russe"
      },
      "LNG_SV": {
        "de": "Schwedisch",
        "it": "Svedese",
        "en": "Swedish",
        "fr": "Su\u00e9dois"
      },
      "LNG_SK": {
        "de": "Slowakisch",
        "it": "Slovacco",
        "en": "Slovak",
        "fr": "Slovaque"
      },
      "LNG_SL": {
        "de": "Slowenisch",
        "it": "Sloveno",
        "en": "Slovenian",
        "fr": "Slov\u00e8ne"
      },
      "LNG_ES": {
        "de": "Spanisch",
        "it": "Spagnolo",
        "en": "Spanish",
        "fr": "Espagnol"
      },
      "LNG_CS": {
        "de": "Tschechisch",
        "it": "Ceco",
        "en": "Czech",
        "fr": "Tch\u00e8que"
      },
      "LNG_TR": {
        "de": "T\u00fcrkisch",
        "it": "Turco",
        "en": "Turkish",
        "fr": "Turc"
      },
      "LNG_HU": {
        "de": "Ungarisch",
        "it": "Ungherese",
        "en": "Hungarian",
        "fr": "Hongrois"
      }
    }
  },
  "16": {
    "title": {
      "en": "Distances",
      "de": "Entfernungen",
      "it": "Distanze",
      "fr": "Distances"
    }
  },
  "17": {
    "title": {
      "en": "Animals",
      "de": "Tiere",
      "it": "Animali",
      "fr": "Animaux"
    },
    "amenities": {
      "ANM_59": {
        "de": "Bienen",
        "it": "Api",
        "en": "Bees",
        "fr": "Abeilles"
      },
      "ANM_17": {
        "de": "Dammwild",
        "it": "Daino",
        "en": "Deer",
        "fr": "Cerf"
      },
      "ANM_12": {
        "de": "Enten",
        "it": "Anatre",
        "en": "Ducks",
        "fr": "Canards"
      },
      "ANM_15": {
        "de": "Esel",
        "it": "Asino",
        "en": "Donkey",
        "fr": "Ane"
      },
      "ANM_60": {
        "de": "Ferkel",
        "it": "Maialino",
        "en": "Piglet",
        "fr": "Porcelet"
      },
      "ANM_38": {
        "de": "Fische",
        "it": "Pesci",
        "en": "Fish",
        "fr": "Poisson"
      },
      "ANM_63": {
        "de": "Fohlen",
        "it": "Puledri",
        "en": "Small chicken",
        "fr": "Poulain"
      },
      "ANM_32": {
        "de": "G\u00e4nse",
        "it": "Oche",
        "en": "Geese",
        "fr": "Oies"
      },
      "ANM_62": {
        "de": "Hahn",
        "it": "Gallo",
        "en": "Rooster",
        "fr": "coq"
      },
      "ANM_19": {
        "de": "Hamster",
        "it": "Criceto",
        "en": "Hamster",
        "fr": "Hamster"
      },
      "ANM_1": {
        "de": "Hasen",
        "it": "Lepri",
        "en": "Bunnies",
        "fr": "Des lapins"
      },
      "ANM_2": {
        "de": "Hund",
        "it": "Cane",
        "en": "Dog",
        "fr": "Chien"
      },
      "ANM_33": {
        "de": "H\u00e4ngebauchschwein",
        "it": "Maialino vietnamita",
        "en": "Pot-bellied pig",
        "fr": "Cochon vietnamien-pot"
      },
      "ANM_3": {
        "de": "H\u00fchner",
        "it": "Polli",
        "en": "Chicken",
        "fr": "Poulet"
      },
      "ANM_14": {
        "de": "Igel",
        "it": "Riccio",
        "en": "Hedgehog",
        "fr": "H\u00e9risson"
      },
      "ANM_55": {
        "de": "Kaninchen",
        "it": "Conigli",
        "en": "Rabbit",
        "fr": "Lapin"
      },
      "ANM_4": {
        "de": "Katzen",
        "it": "Gatti",
        "en": "Cats",
        "fr": "Chats"
      },
      "ANM_20": {
        "de": "K\u00e4lber",
        "it": "Vitelli",
        "en": "Calves",
        "fr": "Veaux"
      },
      "ANM_6": {
        "de": "K\u00fche",
        "it": "Mucche",
        "en": "Cows",
        "fr": "Vaches"
      },
      "ANM_18": {
        "de": "Lama",
        "it": "Lama",
        "en": "Lama",
        "fr": "Lama"
      },
      "ANM_13": {
        "de": "Meerschweinchen",
        "it": "Porcellini d'India",
        "en": "Guinea pigs",
        "fr": "Cochons d'Inde"
      },
      "ANM_22": {
        "de": "Pfaue",
        "it": "Pavoni",
        "en": "Peacocks",
        "fr": "Paons"
      },
      "ANM_5": {
        "de": "Pferde",
        "it": "Cavalli",
        "en": "Horses",
        "fr": "Chevaux"
      },
      "ANM_11": {
        "de": "Ponys",
        "it": "Pony",
        "en": "Ponies",
        "fr": "Poneys"
      },
      "ANM_7": {
        "de": "Rinder",
        "it": "Bovini",
        "en": "Cattle",
        "fr": "B\u00e9tails"
      },
      "ANM_8": {
        "de": "Schafe",
        "it": "Pecore",
        "en": "Sheep",
        "fr": "Moutons"
      },
      "ANM_56": {
        "de": "Schildkr\u00f6ten",
        "it": "Tartarughe",
        "en": "Turtles",
        "fr": "Tortues"
      },
      "ANM_9": {
        "de": "Schweine",
        "it": "Maiali",
        "en": "Pigs",
        "fr": "Cochons"
      },
      "ANM_61": {
        "de": "Stier",
        "it": "Toro",
        "en": "Taurus",
        "fr": "Taureau"
      },
      "ANM_58": {
        "de": "Streicheltiere",
        "it": "Animali da compagnia",
        "en": "Domestic animals",
        "fr": "Animaux de compagnie"
      },
      "ANM_16": {
        "de": "Truthahn",
        "it": "Tacchino",
        "en": "Turkey",
        "fr": "La Turquie"
      },
      "ANM_57": {
        "de": "Wachteln",
        "it": "Quaglie",
        "en": "Quail",
        "fr": "Caille"
      },
      "ANM_10": {
        "de": "Ziegen",
        "it": "Capre",
        "en": "Goat",
        "fr": "Ch\u00e8vre"
      },
      "ANM_37": {
        "de": "Zwergh\u00fchner",
        "it": "Galline nane",
        "en": "Bantams",
        "fr": "Bantams"
      },
      "ANM_36": {
        "de": "Zwergziege",
        "it": "Capretta",
        "en": "Dwarf Goat",
        "fr": "Ch\u00e8vre naine"
      }
    }
  },
  "18": {
    "title": {
      "en": "Location",
      "de": "Lage",
      "it": "Sito",
      "fr": "Lieu"
    },
    "amenities": {
      "LOC_7": {
        "de": "Am Berg",
        "it": "In montagna",
        "en": "Hillside",
        "fr": "Face \u00e0 une Colline"
      },
      "LOC_5": {
        "de": "Am Fluss",
        "it": "Sul lungofiume",
        "en": "Riverside",
        "fr": "En bord de rivi\u00e8re"
      },
      "LOC_3": {
        "de": "Am See",
        "it": "Al lago",
        "en": "Lakeside",
        "fr": "au bord du lac"
      },
      "LOC_4": {
        "de": "Am Skigebiet",
        "it": "Sui campi da sci",
        "en": "Skiable area",
        "fr": "Domaine skiable"
      },
      "LOC_11": {
        "de": "Bahnhofsn\u00e4he",
        "it": "La stazione ferroviaria \u00e8 nelle vicinanze",
        "en": "Train Station",
        "fr": "Gare"
      },
      "LOC_6": {
        "de": "Bei Therme",
        "it": "Alle terme",
        "en": "Thermal bath",
        "fr": "Bain thermal"
      },
      "LOC_10": {
        "de": "Flughafenn\u00e4he",
        "it": "L'aeroporto \u00e8 nelle vicinanze",
        "en": "Near Airport",
        "fr": "A proximit\u00e9 de l'A\u00e9roport"
      },
      "UAB_520": {
        "de": "Gletschern\u00e4he",
        "it": "Ghiacciaio nelle vicinanze",
        "en": "Glacier nearby",
        "fr": "\u00c0 proximit\u00e9 du glacier"
      },
      "LOC_13": {
        "de": "Golfplatzn\u00e4he",
        "it": "Un campo da golf \u00e8 nelle vicinanze",
        "en": "Golf Course Near",
        "fr": "Terrain de golf \u00e0 proximit\u00e9"
      },
      "SKD_6": {
        "de": "Inseldestination \/ Strand",
        "it": "Island Destination \/ Beach",
        "en": "Island Destination \/ Beach",
        "fr": "Island Destination \/ Beach"
      },
      "LOC_12": {
        "de": "Lage im Gr\u00fcnen",
        "it": "In mezzo al verde",
        "en": "Countryside",
        "fr": "Campagne"
      },
      "LOC_15": {
        "de": "N\u00e4he Loipe",
        "it": "Una pista da sci di fondo \u00e8 nelle vicinanze",
        "en": "close to cross-country ski trail",
        "fr": "A proximit\u00e9 d'une piste \u00e0 ski nordic"
      },
      "LOC_14": {
        "de": "N\u00e4he Seilbahn",
        "it": "Una funivia \u00e8 nelle vicinanze",
        "en": "Near Cable Car",
        "fr": "A Proximit\u00e9 d'une t\u00e9l\u00e9cabine"
      },
      "LOC_2": {
        "de": "Ortsrand",
        "it": "Periferia del paese",
        "en": "Suburbs \/ Rural",
        "fr": "Banlieu \/ P\u00e9riph\u00e9rie"
      },
      "ACC_25": {
        "de": "See",
        "it": "Lake",
        "en": "Lake",
        "fr": "Lake"
      },
      "LOC_8": {
        "de": "Stadtrand",
        "it": "Periferia della citt\u00e0",
        "en": "Rural",
        "fr": "P\u00e9riph\u00e9rie"
      },
      "LOC_1": {
        "de": "Zentrum",
        "it": "Centro",
        "fr": "Centre Ville"
      },
      "LOC_9": {
        "de": "Zentrumsn\u00e4he",
        "it": "Il centro \u00e8 situato nelle vicinanze",
        "en": "City Centre",
        "fr": "Centre ville"
      }
    }
  },
  "19": {
    "title": {
      "en": "Target Group",
      "de": "Zielgruppe",
      "it": "Target",
      "fr": "Groupe de cible"
    },
    "amenities": {
      "TGT_6": {
        "de": "Alleinreisende",
        "it": "Viaggiatori solitari",
        "en": "Individual travelers",
        "fr": "Des voyageurs individuels"
      },
      "TGT_9": {
        "de": "Allergiker",
        "it": "Allergici",
        "en": "Allergy",
        "fr": "Allergies"
      },
      "TGT_1": {
        "de": "Familien",
        "it": "Famiglie",
        "en": "Families",
        "fr": "Familles"
      },
      "TGT_7": {
        "de": "Gesch\u00e4ftsreisende",
        "it": "Viaggiatori d'affari",
        "en": "Business",
        "fr": "Affaires"
      },
      "TGT_3": {
        "de": "Gruppen",
        "it": "Gruppi",
        "en": "Groups",
        "fr": "Groupes"
      },
      "TGT_8": {
        "de": "Jugendliche",
        "it": "Giovani",
        "en": "Young people",
        "fr": "Les jeunes"
      },
      "TGT_10": {
        "de": "Nichtraucher",
        "it": "Non fumatori",
        "en": "Non smoking",
        "fr": "Non fumeur"
      },
      "TGT_11": {
        "de": "Nichtraucher Betrieb",
        "it": "In questa azienda alberghiera \u00e8 vietato fumare",
        "en": "Non smoking operation",
        "fr": "Op\u00e9ration non fumeur"
      },
      "TGT_2": {
        "de": "Rollstuhlfahrer",
        "it": "Disabili su sedia a rotelle",
        "en": "Wheelchair",
        "fr": "Fauteuil roulant"
      },
      "TGT_4": {
        "de": "Senioren",
        "it": "Anziani",
        "en": "Seniors",
        "fr": "Personnes ag\u00e9es"
      },
      "TGT_5": {
        "de": "Singles",
        "it": "Single",
        "en": "Singles",
        "fr": "Personnes seules"
      }
    }
  },
  "2": {
    "title": {
      "en": "Parking",
      "de": "Parken",
      "it": "Parcheggio",
      "fr": "Parking"
    },
    "description": {
      "en": "Parking sites for guest cars",
      "de": "Park- und Abstellpl\u00e4tze f\u00fcr Fahrzeuge von Hausg\u00e4sten",
      "it": "Posti auto riservati ai clienti",
      "fr": "Parking - Possibilit\u00e9 de parcage pour les v\u00e9hicules des occupants"
    },
    "amenities": {
      "HAC_276": {
        "de": "E-Auto Ladestation",
        "it": "Stazione di ricarica per auto elettriche",
        "en": "Electric car charging station",
        "fr": "Station de charge pour voiture \u00e9lectrique"
      },
      "HAC_42": {
        "de": "Kostenlose Parkpl\u00e4tze",
        "it": "Parcheggio gratuito",
        "en": "Free parking",
        "fr": "Place de parc gratuite"
      },
      "HAC_189": {
        "de": "Motorradunterstellraum",
        "it": "Motorcycle parking",
        "en": "Motorcycle parking",
        "fr": "Motorcycle parking"
      },
      "HAC_185": {
        "de": "Parkdeck",
        "it": "Parcheggio coperto",
        "en": "Parking - uncovered",
        "fr": "Parking ouvert"
      },
      "HAC_171": {
        "de": "Parkgeb\u00fchren werden vom Hotel \u00fcbernommen",
        "it": "Il costo del parcheggio sar\u00e0 coperto dall'hotel",
        "en": "Parking fee managed by hotel",
        "fr": "Frais de parcage pay\u00e9s par l'h\u00f4tel"
      },
      "HAC_186": {
        "de": "Parkpl\u00e4tze an der Stra\u00dfe",
        "it": "Parcheggio su strada",
        "en": "Street side parking",
        "fr": "Places de stationnement dans la rue"
      },
      "SKD_4": {
        "de": "Radunterstellm\u00f6glichkeit",
        "it": "Bicycle shelter",
        "en": "Bicycle shelter",
        "fr": "Bicycle shelter"
      },
      "HAC_275": {
        "de": "kostenpflichtige Parkpl\u00e4tze",
        "it": "Parcheggio a pagamento",
        "en": "Parking - fee",
        "fr": "Parking payant"
      },
      "HAC_53": {
        "de": "\u00dcberdachter Parkplatz",
        "it": "Indoor Parking",
        "en": "Indoor Parking",
        "fr": "Parking couvert"
      }
    }
  },
  "21": {
    "title": {
      "en": "Type of Accommodation",
      "de": "Unterkunftsart",
      "it": "Tipo di alloggio",
      "fr": "Type d'h\u00e9bergement"
    },
    "amenities": {
      "SKD_7": {
        "de": "Alleinstehende Villen",
        "it": "Standalone Villas",
        "en": "Standalone Villas",
        "fr": "Standalone Villas"
      },
      "UAB_562": {
        "de": "Almh\u00fcttendorf",
        "it": "Villaggio di capanne",
        "en": "Alm Hut Village",
        "fr": "Village ALM Hut"
      },
      "UAB_531": {
        "de": "Almh\u00fcttenvermietung",
        "it": "Affitto di una malga",
        "en": "Rent a cabin",
        "fr": "Louer une cabane"
      },
      "UAB_501": {
        "de": "Buschenschank",
        "it": "Taverna",
        "en": "Tavern",
        "fr": "Taverne"
      },
      "UAB_534": {
        "de": "Erm\u00e4\u00dfigungen in Vor- und Nachsaison",
        "it": "Prezzi ridotti in bassa stagione",
        "en": "Reductions in off-season",
        "fr": "R\u00e9ductions en p\u00e9riode hors saisons"
      },
      "UAB_509": {
        "de": "Ferien ohne Eltern",
        "it": "Vacanze senza genitori",
        "en": "Holiday without parents",
        "fr": "Vacances sans parents"
      },
      "UAB_508": {
        "de": "H\u00fctte ist als Ferienhaus ausgebaut",
        "it": "La baita \u00e8 adibita a casa vacanze",
        "en": "Hut is built as a holiday home",
        "fr": "La hutte est construite comme une maison de vacances"
      },
      "UAB_506": {
        "de": "H\u00fctte ist ein Jagdhaus",
        "it": "La baita \u00e8 una casa dei cacciatori",
        "en": "Hut is a hunting lodge",
        "fr": "La hutte est un pavillon de chasse"
      },
      "UAB_503": {
        "de": "H\u00fctte ist ein ehemaliges Bergbauernhaus",
        "it": "La baita \u00e8 un ex fattoria di montagna",
        "en": "Cottage is a former mining house",
        "fr": "Le chalet est une ancienne baraque mini\u00e8re"
      },
      "UAB_504": {
        "de": "H\u00fctte ist ein traditionelles Almgasthaus",
        "it": "La baita \u00e8 una tipica malga con servizio ristorante",
        "en": "Cottage is a traditional Almgasthaus",
        "fr": "Chalet est une Almgasthaus traditionnelle"
      },
      "UAB_505": {
        "de": "H\u00fctte ist eine Skih\u00fctte",
        "it": "La baita \u00e8 sulle piste da sci",
        "en": "Hut is a ski lodge",
        "fr": "La hutte est une hutte de ski"
      },
      "UAB_502": {
        "de": "H\u00fctte ist eine klassische Almh\u00fctte",
        "it": "La baita \u00e8 una tipica malga",
        "en": "Cottage is a traditional hut",
        "fr": "Chalet est une hutte traditionnelle"
      },
      "UAB_507": {
        "de": "H\u00fctte ist wintertauglich",
        "it": "La baita \u00e8 equipaggiata per l'inverno",
        "en": "Cottage is suitable for winter",
        "fr": "Chalet adapt\u00e9 pour l'hiver"
      },
      "UAB_518": {
        "de": "Jagdh\u00fctte",
        "it": "Casetta dei cacciatori",
        "en": "Hunting cabin",
        "fr": "Cabane de chasse"
      },
      "UAB_563": {
        "de": "Premium Almh\u00fctte",
        "it": "Premium Alpine Cabin",
        "en": "Premium Alpine Cabin",
        "fr": "Premium Alpine Cabin"
      },
      "UAB_333": {
        "de": "Schlo\u00df und Gutshof",
        "it": "Castello e podere",
        "en": "Castle and Manor",
        "fr": "Ch\u00e2teau et Manoir"
      },
      "UAB_374": {
        "de": "\u00dcbernachtung auf der Alm m\u00f6glich",
        "it": "Possibile pernottamento nella malga",
        "en": "Overnight on possible Alm",
        "fr": "Du jour au lendemain sur Alm possible"
      }
    }
  },
  "22": {
    "title": {
      "en": "At the Farm",
      "de": "Am Bauernhof",
      "it": "In agriturismo",
      "fr": "\u00c0 la Ferme"
    },
    "amenities": {
      "UAB_511": {
        "de": "Ab-Hof-Verkauf",
        "it": "Vendita diretta",
        "en": "Farm-gate sales",
        "fr": "Ventes \u00e0 la ferme"
      },
      "UAB_519": {
        "de": "Almabtrieb",
        "it": "Transumanza",
        "en": "Cattle herd",
        "fr": "Rassemblement du b\u00e9tail"
      },
      "UAB_354": {
        "de": "Bauernstube",
        "it": "Salotto di tipo rustico",
        "en": "Parlor",
        "fr": "Petit salon"
      },
      "UAB_134": {
        "de": "Butter r\u00fchren",
        "it": "Battere la panna per fare il burro",
        "en": "Melt butter",
        "fr": "Faire fondre le beurre"
      },
      "UAB_537": {
        "de": "Butter- und K\u00e4skurs",
        "it": "Corso per fare burro e formaggio",
        "en": "Butter and K\u00e4skurs",
        "fr": "Beurre et K\u00e4skurs"
      },
      "UAB_512": {
        "de": "Damwildgehege",
        "it": "Recinto per i daini",
        "en": "Damwildgehege",
        "fr": "R\u00e9serve de chasse"
      },
      "UAB_515": {
        "de": "Familienanschlu\u00df",
        "it": "Partecipazione alla vita familiare",
        "en": "Family Connection",
        "fr": "Lien familial"
      },
      "UAB_442": {
        "de": "Garten\/Wiese",
        "it": "Giardino \/ prato",
        "en": "Garden \/ meadow",
        "fr": "Jardin \/ Enclos"
      },
      "UAB_366": {
        "de": "Hausgarten",
        "it": "Giardino della casa",
        "en": "House Garden",
        "fr": "Jardin de maison"
      },
      "UAB_469": {
        "de": "Hofeigene Produkte",
        "it": "Prodotti fatti in casa",
        "en": "Fresh Farm Produce",
        "fr": "Produit fermier frais"
      },
      "UAB_169": {
        "de": "Kreativangebot",
        "it": "Offerta creativa",
        "en": "Creative Services",
        "fr": "Services cr\u00e9atifs"
      },
      "UAB_195": {
        "de": "Mithilfe am Hof",
        "it": "Aiutare in fattoria",
        "en": "Using the court",
        "fr": "Utiliser la Cour"
      },
      "UAB_147": {
        "de": "Obstgarten",
        "it": "Frutteto",
        "en": "Orchard",
        "fr": "Verger"
      },
      "UAB_285": {
        "de": "Pauschalangebote",
        "it": "Offerte pacchetti vacanza",
        "en": "Packages",
        "fr": "Forfaits"
      },
      "UAB_529": {
        "de": "Pirschgang",
        "it": "Andare a caccia",
        "en": "Stalk",
        "fr": "Traquer"
      },
      "UAB_93": {
        "de": "Schlafen im Heu",
        "it": "Dormire nel fieno",
        "en": "Sleeping in the hay",
        "fr": "Dormir sur de la paille"
      },
      "UAB_95": {
        "de": "Schnapsbrennerei",
        "it": "Distilleria di grappe",
        "en": "Distillery",
        "fr": "Distillerie"
      },
      "UAB_230": {
        "de": "Schnapsverkostung",
        "it": "Degustazione di grappe",
        "en": "Schnapsverkostung",
        "fr": "D\u00e9gustation de Schnapps"
      },
      "UAB_371": {
        "de": "Schwimmteich",
        "it": "Piscina naturale",
        "en": "Swimming pool",
        "fr": "Piscine"
      },
      "UAB_524": {
        "de": "Spielgef\u00e4hrten",
        "it": "Compagni di gioco",
        "en": "Playmate",
        "fr": "Camarade de jeu"
      },
      "UAB_237": {
        "de": "Stallbekleidung",
        "it": "Abiti per andare a lavorare in stalla",
        "en": "Clothing Stall",
        "fr": "Table pour v\u00eatements"
      },
      "UAB_528": {
        "de": "Traktorfahrten",
        "it": "Giri con il trattore",
        "en": "Tractor rides",
        "fr": "Balades en tracteur"
      },
      "UAB_192": {
        "de": "Weinverkostung",
        "it": "Degustazione vini",
        "en": "Wine tasting",
        "fr": "D\u00e9gustation de vin"
      }
    }
  },
  "23": {
    "title": {
      "en": "UAB Catalog",
      "de": "UAB Katalog",
      "it": "Depliant agriturismi",
      "fr": "Catalogue UAB"
    },
    "amenities": {
      "UAB_712": {
        "de": "Biofr\u00fchst\u00fcck",
        "it": "Colazione biologica",
        "en": "Organic breakfast",
        "fr": "Petit-d\u00e9jeuner bio"
      },
      "UAB_705": {
        "de": "Eigene Alm",
        "it": "Malga privata",
        "en": "Alm owner",
        "fr": "Propri\u00e9taire Alm"
      },
      "UAB_706": {
        "de": "Fischwasser max 2Km entfernt",
        "it": "Possibilit\u00e0 di pesca tra 2 km",
        "en": "Fishing Waters max 2 km away",
        "fr": "Eaux de p\u00eache \u00e0 2 km max"
      },
      "UAB_715": {
        "de": "Im Haus wird nicht geraucht!",
        "it": "No smoking inside the house!",
        "en": "No smoking inside the house!",
        "fr": "No smoking inside the house!"
      },
      "UAB_702": {
        "de": "Jagdm\u00f6glichkeit",
        "it": "Possibilit\u00e0 di andare a caccia",
        "en": "Hunting opportunity",
        "fr": "Opportunit\u00e9 de chasse"
      },
      "UAB_708": {
        "de": "Kindererm\u00e4\u00dfigung",
        "it": "Sconti per bambini",
        "en": "Childrens discount",
        "fr": "R\u00e9duction pour enfants"
      },
      "UAB_713": {
        "de": "Mitglied einer Kooperationsgruppe",
        "it": "Membro di un'associazione",
        "en": "Member of a cooperative group",
        "fr": "Membre d'une coop"
      },
      "UAB_710": {
        "de": "Mitnahme von Haustieren nach Vereinbarung",
        "it": "Animali domestici ammessi previo accordo",
        "en": "Transportation of pets upon request",
        "fr": "Transport des animaux sur demande"
      },
      "UAB_716": {
        "de": "Sauna oder sauna\u00e4hnliche Anlagen am Hof",
        "it": "Sauna or sauna-like facilities at the farm",
        "en": "Sauna or sauna-like facilities at the farm",
        "fr": "Sauna or sauna-like facilities at the farm"
      },
      "UAB_709": {
        "de": "TV im Zi\/FeWo",
        "it": "TV in camera \/ appartamento",
        "en": "TV in the room \/ apartment",
        "fr": "TV en chambre \/ appartement"
      },
      "UAB_703": {
        "de": "Verpflegung am Hof",
        "it": "Servizio ristorazione in agriturismo",
        "en": "Meals at the farm",
        "fr": "Repas \u00e0 la ferme"
      },
      "UAB_717": {
        "de": "WLAN am Hof",
        "it": "WLAN at the farm",
        "en": "WLAN at the farm",
        "fr": "WLAN at the farm"
      },
      "UAB_711": {
        "de": "\u00d6sterr. Umweltzeichen",
        "it": "Marchio austriaco per l'ambiente",
        "en": "\u00d6sterr. Umweltzeichen",
        "fr": "\u221a\u00f1sterr. Eco"
      }
    }
  },
  "24": {
    "title": {
      "en": "Children",
      "de": "Kinder",
      "it": "Bambini",
      "fr": "Enfants"
    },
    "amenities": {
      "HAC_194": {
        "de": "Aufsichtspersonal f\u00fcr Kinder",
        "it": "Area bimbi controllata",
        "en": "Childs nursery",
        "fr": "Personnel de surveillance pour les enfants"
      },
      "UAB_256": {
        "de": "Baby- und Kleinkinderausstattung",
        "it": "Servizi per neonati e bambini",
        "en": "Baby and toddler equipment",
        "fr": "Equipement b\u00e9b\u00e9s et petits enfants"
      },
      "HAC_8": {
        "de": "Babysitten",
        "it": "Babysitting",
        "en": "Babysitting",
        "fr": "Baby-sitting"
      },
      "UAB_461": {
        "de": "Babywickelraum",
        "it": "Fasciatoio",
        "en": "Baby Changing",
        "fr": "Local avec table \u00e0 langer"
      },
      "HAC_217": {
        "de": "Kinder sind nicht erlaubt",
        "it": "Ingresso vietato ai bambini",
        "en": "Children not allowed",
        "fr": "Enfants pas admis"
      },
      "HAC_218": {
        "de": "Kinder sind willkommen",
        "it": "I bambini sono i benvenuti",
        "en": "Children welcome",
        "fr": "Enfants bienvenus"
      },
      "HAC_235": {
        "de": "Kinderprogramme",
        "it": "Attivit\u00e0 per bambini",
        "en": "Child programs",
        "fr": "Programme pour les enfants"
      },
      "HAC_193": {
        "de": "Kinderspielplatz",
        "it": "Parco giochi per bambini",
        "en": "Children's playground",
        "fr": "Place de jeux pour enfants"
      },
      "UAB_538": {
        "de": "Spielhaus",
        "it": "Casetta da giardino per bambini",
        "en": "Theatre",
        "fr": "Theatre \/ Salle de cin\u00e9ma"
      },
      "UAB_453": {
        "de": "Spielzeug",
        "it": "Giocattoli",
        "en": "Toys",
        "fr": "Jouets"
      },
      "UAB_454": {
        "de": "Spielzimmer",
        "it": "Stanza dei giochi per bambini",
        "en": "Game Room \/ Arcade",
        "fr": "Salle de jeux"
      },
      "UAB_539": {
        "de": "Waldspielplatz",
        "it": "Parco giochi nel bosco",
        "en": "Waldspielplatz",
        "fr": "Waldspielplatz"
      }
    }
  },
  "25": {
    "title": {
      "en": "Vacation Unit Equipment Available",
      "de": "Ausstattung Ferienwohnung",
      "it": "Servizi presenti nell'appartamento",
      "fr": "\u00e9quipement de logement de vacances disponible"
    },
    "amenities": {
      "UAB_603": {
        "de": "Bettw\u00e4sche vorhanden",
        "it": "Presenza di biancheria",
        "en": "Linen provided",
        "fr": "Draps fournis"
      },
      "UAB_526": {
        "de": "Br\u00f6tchenservice",
        "it": "Panini",
        "en": "Bread service",
        "fr": "Produits boulangers"
      },
      "UAB_510": {
        "de": "Ferienwohnung ebenerdig",
        "it": "Appartamento al piano terra",
        "en": "Ground floor",
        "fr": "Rez de chauss\u00e9e"
      },
      "UAB_171": {
        "de": "Ferienwohnung mit Fr\u00fchst\u00fcck",
        "it": "Appartamento con colazione inclusa",
        "en": "Bed and Breakfast",
        "fr": "G\u00eete"
      },
      "UAB_602": {
        "de": "Geschirr vorhanden",
        "it": "Presenza di stoviglie",
        "en": "Tableware Available",
        "fr": "Vaisselle disponible"
      },
      "UAB_116": {
        "de": "G\u00e4stek\u00fcche",
        "it": "Cucina comune",
        "en": "Guest Kitchen",
        "fr": "Cuisine pour invit\u00e9s"
      },
      "SKD_9": {
        "de": "Holzterrasse",
        "it": "Wooden Deck",
        "en": "Wooden Deck",
        "fr": "Wooden Deck"
      },
      "UAB_605": {
        "de": "Kaffeemaschine",
        "it": "Macchina da caff\u00e8",
        "en": "Coffee machine",
        "fr": "Machine \u00e0 caf\u00e9"
      },
      "UAB_601": {
        "de": "Mikrowelle",
        "it": "Forno a microonde",
        "en": "Microwave",
        "fr": "Four \u00e0 micro-ondes"
      },
      "UAB_604": {
        "de": "Sp\u00fclmaschine",
        "it": "Lavastoviglie",
        "en": "Dishwasher",
        "fr": "Lave-vaisselle"
      },
      "UAB_606": {
        "de": "Terrasse",
        "it": "Terrazza",
        "en": "Terrace",
        "fr": "Terrasse"
      },
      "UAB_459": {
        "de": "Trockenraum",
        "it": "Stenditoio",
        "en": "Drying room",
        "fr": "Une s\u00e8choire"
      },
      "UAB_456": {
        "de": "Waschmaschinen",
        "it": "Lavatrici",
        "en": "Washing Machines",
        "fr": "Machines \u00e0 laver"
      }
    }
  },
  "3": {
    "title": {
      "en": "Catering",
      "de": "Verpflegung",
      "it": "Catering",
      "fr": "Offres gastronomiques"
    },
    "description": {
      "en": "Gastronomy and catering",
      "de": "Gastronomieangebote sowie Verpflegung",
      "it": "Gastronomia e ristorazione",
      "fr": "Offres gastronomiques et nourriture"
    },
    "amenities": {
      "HAC_105": {
        "de": "Bankett-M\u00f6glichkeiten",
        "it": "Disponibilit\u00e0 di sale ad uso cerimonia",
        "en": "Banquet facilities",
        "fr": "Possibilit\u00e9s de banquets"
      },
      "UAB_476": {
        "de": "B\u00e4uerliche K\u00fcche",
        "it": "Cucina tipica",
        "en": "Rustic Cuisine",
        "fr": "Cuisine campagnarde"
      },
      "HAC_20": {
        "de": "Caf\u00e9",
        "it": "Bar",
        "en": "Coffee shop",
        "fr": "Caf\u00e9 (Local)"
      },
      "UAB_468": {
        "de": "Di\u00e4tk\u00fcche\/Schonkost",
        "it": "Cucina dietetica",
        "en": "Spa Cuisine \/ Health Foods",
        "fr": "Cuisine di\u00e9t\u00e9tique \/ Cuisine l\u00e9g\u00e8re"
      },
      "UAB_439": {
        "de": "Etagengetr\u00e4nkeservice",
        "it": "Servizio bevande in ogni piano",
        "en": "Floor Service",
        "fr": "Service d'\u00e9tage (boissons)"
      },
      "HAC_157": {
        "de": "Fr\u00fchst\u00fcck vom Buffett",
        "it": "Colazione a buffet",
        "en": "Buffet breakfast",
        "fr": "Petit-d\u00e9jeuner buffet"
      },
      "HAC_225": {
        "de": "Gourmetspezialit\u00e4ten",
        "it": "Delizie tipiche",
        "en": "Gourmet Highlights",
        "fr": "Sp\u00e9cialit\u00e9s gourmets"
      },
      "UAB_477": {
        "de": "Haubenk\u00fcche",
        "it": "Cucina di alta classe",
        "en": "Gourmet Cuisine",
        "fr": "Cuisine Gastronomique"
      },
      "UAB_470": {
        "de": "Internationale K\u00fcche",
        "it": "Cucina internazionale",
        "en": "International Restaurants",
        "fr": "Cuisine internationale"
      },
      "HAC_159": {
        "de": "Kontinentales Fr\u00fchst\u00fcck",
        "it": "Colazione continentale",
        "en": "Continental breakfast",
        "fr": "Petit-d\u00e9jeuner continental"
      },
      "HAC_165": {
        "de": "Lounge\/Bar",
        "it": "Lounge\/ bar",
        "en": "Lounges\/bars",
        "fr": "Lounge\/Bar"
      },
      "UAB_466": {
        "de": "Ohne Verpflegung",
        "it": "Pasti esclusi",
        "en": "no meals",
        "fr": "Sans repas"
      },
      "UAB_472": {
        "de": "Regionale Spezialit\u00e4ten",
        "it": "Specialit\u00e0 regionali",
        "en": "Regional specialties",
        "fr": "Sp\u00e9cialit\u00e9s r\u00e9gionales"
      },
      "HAC_76": {
        "de": "Restaurant",
        "it": "Ristorante",
        "en": "Restaurant",
        "fr": "Restaurant"
      },
      "UAB_473": {
        "de": "Vegetarische K\u00fcche",
        "it": "Cucina vegetariana",
        "en": "Vegetarian cuisine",
        "fr": "Cuisine v\u00e9g\u00e9tarienne"
      },
      "UAB_496": {
        "de": "Vinothek",
        "it": "Enoteca",
        "en": "Wine bar",
        "fr": "Bar \u00e0 vin"
      },
      "UAB_474": {
        "de": "Vollwert\/Biokost",
        "it": "Prodotti integrali \/biologici",
        "en": "Organic Foods",
        "fr": "Repas biologique"
      },
      "UAB_475": {
        "de": "Wellnessk\u00fcche",
        "it": "Cucina genuina",
        "en": "Wellness Cuisine",
        "fr": "Cuisine wellness"
      },
      "UAB_478": {
        "de": "Wiener K\u00fcche",
        "it": "Cucina viennese",
        "en": "Viennese cuisine",
        "fr": "Cuisine viennoise"
      },
      "UAB_530": {
        "de": "eigene Trinkwasserquelle",
        "it": "Fonte di acqua potabile privata",
        "en": "Own source of drinking water",
        "fr": "Propre source d'eau potable"
      },
      "UAB_471": {
        "de": "\u00d6sterreichische Spezialit\u00e4ten",
        "it": "Specialit\u00e0 austriache",
        "en": "Austrian Specialties",
        "fr": "Des sp\u00e9cialit\u00e9s autrichiennes"
      },
      "UAB_336": {
        "de": "\u00dcbernachtung mit Fr\u00fchst\u00fcck",
        "it": "Pernottamento con prima colazione",
        "en": "Breakfast",
        "fr": "Petit-d\u00e9jeuner inclus"
      },
      "UAB_337": {
        "de": "\u00dcbernachtung mit Halbpension",
        "it": "Mezza pensione",
        "en": "Overnight with Half-board",
        "fr": "Logement avec demi-pension"
      },
      "UAB_338": {
        "de": "\u00dcbernachtung mit Vollpension",
        "it": "Pensione completa",
        "en": "Overnight with full board",
        "fr": "Logement avec pension compl\u00e8te"
      }
    }
  },
  "4": {
    "title": {
      "en": "Services",
      "de": "Service",
      "it": "Servizi",
      "fr": "Services"
    },
    "description": {
      "en": "Additional and complimentary services offered ",
      "de": "Angebotene Zusatz- und Gratisdienstleistungen",
      "it": "Offerta di servizi aggiuntivi e complementari",
      "fr": "Service gratuit et suppl\u00e9mentaires"
    },
    "amenities": {
      "HAC_194": {
        "de": "Aufsichtspersonal f\u00fcr Kinder",
        "it": "Area bimbi controllata",
        "en": "Childs nursery",
        "fr": "Personnel de surveillance pour les enfants"
      },
      "HAC_8": {
        "de": "Babysitten",
        "it": "Babysitting",
        "en": "Babysitting",
        "fr": "Baby-sitting"
      },
      "UAB_406": {
        "de": "Concierge Dienste",
        "it": "Servizio facchinaggio",
        "en": "Concierge Services",
        "fr": "Service de conciergerie"
      },
      "HAC_178": {
        "de": "Eingeschr\u00e4nktes Housekeeping",
        "it": "Servizio di pulizie ristretto",
        "en": "Limited service housekeeping",
        "fr": "Service d'\u00e9tage restreint"
      },
      "UAB_493": {
        "de": "Gep\u00e4ckservice",
        "it": "Servizio bagagli",
        "en": "Luggage Service",
        "fr": "Service bagages"
      },
      "HAC_145": {
        "de": "Kostenlose Zeitschriften in der Lobby",
        "it": "Giornali gratuiti nella hall dell'albergo",
        "en": "Complimentary newspaper in lobby",
        "fr": "Revues gratuites dans le lobby"
      },
      "HAC_146": {
        "de": "Kostenloser Schuhputzservice",
        "it": "Servizio lustrascarpe gratuito",
        "en": "Complimentary shoe shine",
        "fr": "Nettoyage chaussures gratuit"
      },
      "UAB_408": {
        "de": "Nachtportier",
        "it": "Portiere notturno",
        "en": "Night Porter",
        "fr": "Portier de nuit"
      },
      "UAB_404": {
        "de": "Reinigung",
        "it": "Pulizie",
        "en": "Cleaning",
        "fr": "Nettoyage"
      },
      "HAC_190": {
        "de": "Telefonservice",
        "it": "Servizio in camera su prenotazione",
        "en": "Phone service",
        "fr": "Service t\u00e9l\u00e9phonique"
      },
      "UAB_410": {
        "de": "Transfer Bahnhof",
        "it": "Servizio trasporto dalla stazione dei treni all'alloggio",
        "en": "Transfer Train station",
        "fr": "Transfert gare"
      },
      "UAB_401": {
        "de": "Transfer Flughafen",
        "it": "Servizio trasporto dall'aeroporto all'alloggio",
        "en": "Airport Transfer",
        "fr": "Transfert a\u00e9roport"
      },
      "UAB_411": {
        "de": "Transfer Skilift",
        "it": "Servizio trasporto dall'alloggio allo sklift",
        "en": "Transfer Skilift",
        "fr": "Navette ski"
      },
      "HAC_96": {
        "de": "Trockenreinigung",
        "it": "Lavaggio a secco",
        "en": "Dry cleaning",
        "fr": "Nettoyage \u00e0 sec"
      },
      "HAC_50": {
        "de": "T\u00e4gliches Housekeeping",
        "it": "Pulizia giornaliera",
        "en": "Housekeeping daily",
        "fr": "Nettoyage quotidien de la chambre"
      },
      "HAC_265": {
        "de": "Willkommensgetr\u00e4nk",
        "it": "Drink di benvenuto",
        "en": "Welcome drink",
        "fr": "Boisson de bienvenue"
      },
      "HAC_58": {
        "de": "W\u00e4scherei\/Hoteldiener",
        "it": "Lavanderia \/ Facchino d'albergo",
        "en": "Laundry\/valet",
        "fr": "Blanchisserie \/ Chasseur"
      },
      "UAB_405": {
        "de": "Zeitungsservice",
        "it": "Servizio giornali",
        "en": "Newspaper Service",
        "fr": "Service journaux"
      },
      "HAC_77": {
        "de": "Zimmerservice",
        "it": "Servizio in camera",
        "en": "Room service",
        "fr": "Service en chambre"
      }
    }
  },
  "5": {
    "title": {
      "en": "Shops and Commercial Services",
      "de": "Gesch\u00e4fte und \u00e4hnliche Dienstleistungen",
      "it": "Negozi e servizi commerciali",
      "fr": "Commerces et prestations similaires"
    },
    "description": {
      "en": "Shopping- and commercial services of third parties, beyond normal hotel ",
      "de": "Einkaufs- und kommerzielle Dienstleistungen Dritter, zus\u00e4tzlich zum Hotel ",
      "it": "Servizi commerciali per conto di terzi",
      "fr": "Commercial - commerciales et services de tiers, au-del\u00e0 de h\u00f4tel normal"
    },
    "amenities": {
      "HAC_111": {
        "de": "Apotheke",
        "it": "Farmacia",
        "en": "Pharmacy",
        "fr": "Pharmacie"
      },
      "HAC_15": {
        "de": "Autoverleih",
        "it": "Noleggio auto",
        "en": "Car rental desk",
        "fr": "Bureau de location de voitures"
      },
      "HAC_12": {
        "de": "Boutiquen",
        "it": "Boutiques",
        "en": "Boutiques",
        "fr": "Boutiques"
      },
      "UAB_441": {
        "de": "Friseur",
        "it": "Parrucchiere",
        "en": "Hairdressers",
        "fr": "Coiffeur"
      },
      "HAC_122": {
        "de": "Gesch\u00e4fte und kommerzielle Dienstleistungen",
        "it": "Negozi e servizi",
        "en": "Shops and commercial services",
        "fr": "Commerces et services commerciaux"
      },
      "HAC_91": {
        "de": "Schalter f\u00fcr Touren\/Sehensw\u00fcrdigkeiten",
        "it": "Centro informazioni turistiche",
        "en": "Tour\/sightseeing desk",
        "fr": "Guichet pour excursions \/ curiosit\u00e9s"
      },
      "HAC_107": {
        "de": "Sch\u00f6nheitssalon",
        "it": "Salone di bellezza",
        "en": "Beauty shop\/salon",
        "fr": "Salon de beaut\u00e9"
      },
      "HAC_181": {
        "de": "Transportservice",
        "it": "Servizio navetta",
        "en": "Transportations service",
        "fr": "Service de transport"
      },
      "HAC_26": {
        "de": "Wechselstube",
        "it": "Change\/ cambio",
        "en": "Currency Exchange",
        "fr": "Bureau de change"
      },
      "HAC_45": {
        "de": "Zeitungsstand",
        "it": "Edicola",
        "en": "Newspaper stand",
        "fr": "Kiosque \u00e0 journaux"
      }
    }
  },
  "6": {
    "title": {
      "en": "Internet",
      "de": "Internet",
      "it": "Internet",
      "fr": "Internet"
    },
    "description": {
      "en": "Internet access",
      "de": "Internetzugang",
      "it": "Accesso a Internet ",
      "fr": "Acc\u00e8s \u00e0 Internet"
    },
    "amenities": {
      "HAC_221": {
        "de": "Hotspot",
        "it": "WiFi",
        "en": "Hotspot",
        "fr": "Borne internet"
      },
      "UAB_407": {
        "de": "Internet-Surfstation",
        "it": "Postazione internet",
        "en": "Internet Terminal",
        "fr": "Poste pour navigation internet"
      },
      "HAC_223": {
        "de": "Internetservice",
        "it": "Internet",
        "en": "Internet services",
        "fr": "Service internet"
      },
      "HAC_222": {
        "de": "Kostenloses Internet",
        "it": "Internet gratuito",
        "en": "Free high speed Internet",
        "fr": "Internet \u00e0 haute vitesse gratuit"
      },
      "HAC_261": {
        "de": "Wireless Internet",
        "it": "Linea WiFi",
        "en": "High speed wireless",
        "fr": "WIreless \u00e0 haute vitesse"
      }
    }
  },
  "7": {
    "title": {
      "en": "Activities",
      "de": "Freizeitaktivit\u00e4ten",
      "it": "Tempo libero",
      "fr": "Activit\u00e9s de loisirs"
    },
    "description": {
      "en": "Sport, leisure and entertainment activities offered in or close to the hotel",
      "de": "Sport, Freizeit und Unterhaltung im Hotel und in seiner N\u00e4he",
      "it": "Attivit\u00e0 sportive, ricreative e d'intrattenimento offerte all'interno o nei pressi dell'hotel",
      "fr": "Activit\u00e9s de loisirs (sports, loisirs et divertissements \u00e0 l'h\u00f4tek et \u00e0 proximit\u00e9) "
    },
    "amenities": {
      "UAB_542": {
        "de": "Almausfl\u00fcge",
        "it": "Gite in montagna",
        "en": "Alp excursion",
        "fr": "Sorties alpage"
      },
      "UAB_126": {
        "de": "Almwandern",
        "it": "Escursione in montagna",
        "en": "Alp Hikes",
        "fr": "Randonn\u00e9es \u00e0 l'alpage"
      },
      "HAC_556": {
        "de": "Badesee",
        "it": "Lago balneabile",
        "en": "Lake for bathing",
        "fr": "Lac pour la baignade"
      },
      "HAC_553": {
        "de": "Barrierefreier Wanderweg",
        "it": "Percorso escursionistico senza barriere architettoniche",
        "en": "Accessible hiking trail",
        "fr": "Chemins p\u00e9destres adapt\u00e9s aux chaises roulantes"
      },
      "UAB_127": {
        "de": "Basketball",
        "it": "Pallacanestro",
        "en": "Basketball",
        "fr": "Basketball"
      },
      "UAB_45": {
        "de": "Bergtouren",
        "it": "Alpinismo",
        "en": "Mountain tours",
        "fr": "Excursions en montagne"
      },
      "UAB_544": {
        "de": "Bergwanderf\u00fchrer",
        "it": "Guida alpina",
        "en": "Mountain hiking guide",
        "fr": "Guide de randonn\u00e9es en montagne"
      },
      "UAB_130": {
        "de": "Bogenschie\u00dfen",
        "it": "Tiro con l'arco",
        "en": "Archery",
        "fr": "Tir \u00e0 l'arc"
      },
      "HAC_195": {
        "de": "Diskothek",
        "it": "Discoteca",
        "en": "Disco",
        "fr": "Discoth\u00e8que"
      },
      "UAB_513": {
        "de": "Donauradweg",
        "it": "Pista ciclabile del Danubio",
        "en": "Danube Cycle Path",
        "fr": "Piste \u00e0 v\u00e9lo du Danube"
      },
      "SKD_1": {
        "de": "E-Bike-Verleih",
        "it": "E-Bike Rental",
        "en": "E-Bike Rental",
        "fr": "E-Bike Rental"
      },
      "UAB_6": {
        "de": "Einstellm\u00f6glichkeit f\u00fcr Gastpferde",
        "it": "Presenza di stalle per i cavalli dei clienti",
        "en": "Accommodation for guest horses",
        "fr": "Abris pour les chevaux"
      },
      "UAB_251": {
        "de": "Eislaufen",
        "it": "Pattinaggio su ghiaccio",
        "en": "Ice Skating",
        "fr": "Patinage"
      },
      "UAB_139": {
        "de": "Eisstockschie\u00dfen",
        "it": "Curling",
        "en": "Curling",
        "fr": "Curling"
      },
      "UAB_525": {
        "de": "Erlebniswanderung",
        "it": "Escursione di tipo avventuroso",
        "en": "Adventure hiking",
        "fr": "Randonn\u00e9es aventures"
      },
      "HAC_559": {
        "de": "Erlebniswanderweg",
        "it": "Percorso avventuroso",
        "en": "Experience hiking trail",
        "fr": "Sentiers aventure"
      },
      "HAC_202": {
        "de": "Fahrradverleih",
        "it": "Noleggio di biciclette",
        "en": "Bicycle rentals",
        "fr": "Location de v\u00e9los"
      },
      "HAC_35": {
        "de": "Fitnesscenter",
        "it": "Palestra",
        "en": "Exercise Gym",
        "fr": "Centre de fitness"
      },
      "HAC_555": {
        "de": "Freibad",
        "it": "Piscina all'aperto",
        "en": "Open-air pool",
        "fr": "Piscine en plein air"
      },
      "UAB_532": {
        "de": "Ganzjahres Skigebiet",
        "it": "Stazione sciistica tutto l'anno",
        "en": "All-year ski resort",
        "fr": "Domaine skiable ouvert toute l'ann\u00e9e"
      },
      "UAB_148": {
        "de": "Gef\u00fchrte Ausritte",
        "it": "Escursioni a cavallo guidate",
        "en": "Guided rides",
        "fr": "Ballades accompagni\u00e9es \u00e0 cheval"
      },
      "UAB_149": {
        "de": "Gef\u00fchrte Bergtouren",
        "it": "Alpinismo con guida",
        "en": "Guided mountain tours",
        "fr": "Randon\u00e9e en montagne guid\u00e9e"
      },
      "UAB_150": {
        "de": "Gef\u00fchrte Wanderung",
        "it": "Escursione guidata",
        "en": "Guided walk",
        "fr": "Randonn\u00e9e guid\u00e9e"
      },
      "HAC_236": {
        "de": "Golf",
        "it": "Golf",
        "en": "Golf",
        "fr": "Golf"
      },
      "UAB_536": {
        "de": "G\u00e4steabend",
        "it": "Serata degli ospiti",
        "en": "Guest evening",
        "fr": "Soir\u00e9e sp\u00e9ciale pour les occupants"
      },
      "HAC_554": {
        "de": "Hallenspielplatz",
        "it": "Parco giochi coperto",
        "en": "Hall playground",
        "fr": "Aire de jeux int\u00e9rieur"
      },
      "UAB_516": {
        "de": "Hausmuseum",
        "it": "Museo della casa",
        "en": "House Museum",
        "fr": "Propre mus\u00e9e"
      },
      "UAB_155": {
        "de": "Hausmusik",
        "it": "Musica folcloristica",
        "en": "House music",
        "fr": "Orchestre ou musicien"
      },
      "UAB_527": {
        "de": "Heimatabend",
        "it": "Serata del folclore",
        "en": "Folkloric Evening",
        "fr": "Soir\u00e9e folclorique"
      },
      "HAC_551": {
        "de": "Heimatmuseum",
        "it": "Museo del folclore",
        "en": "Local museum",
        "fr": "Mus\u00e9e folclorique"
      },
      "UAB_523": {
        "de": "H\u00fcttenabend",
        "it": "Serata nella baita",
        "en": "Cottage Evening",
        "fr": "Soir du chalet"
      },
      "SKD_3": {
        "de": "individual offers for groups",
        "it": "individual offers for groups",
        "en": "individual offers for groups",
        "fr": "individual offers for groups"
      },
      "HAC_56": {
        "de": "Jogging-Routen",
        "it": "Percorso dove \u00e8 possibile fare jogging",
        "en": "Jogging track",
        "fr": "Parcours jogging"
      },
      "UAB_36": {
        "de": "Jugendreitwochen",
        "it": "Settimana di equitazione per giovani",
        "en": "Youth riding weeks",
        "fr": "Semaines d'\u00e9quitation pour les jeunes"
      },
      "UAB_419": {
        "de": "Kegelbahn",
        "it": "Bowling",
        "en": "Bowling alley",
        "fr": "Piste de quilles"
      },
      "UAB_517": {
        "de": "Klettern",
        "it": "Arrampicata",
        "en": "Climbing",
        "fr": "Escalade"
      },
      "HAC_558": {
        "de": "Klettersteig",
        "it": "Ferrata",
        "en": "Via ferrata",
        "fr": "Voie d'escalade (via ferrata)"
      },
      "HAC_557": {
        "de": "Kletterwald",
        "it": "Parco avventura",
        "en": "Climbing forest",
        "fr": "Grimpe en f\u00f4ret"
      },
      "UAB_168": {
        "de": "Kochen und Backen",
        "it": "Cucinare e fare dolci",
        "en": "Cooking and baking",
        "fr": "Cours de cuisine"
      },
      "UAB_183": {
        "de": "Kutschenfahrten",
        "it": "Percorsi per carrozze",
        "en": "Carriage rides",
        "fr": "Ballades en cal\u00e8che"
      },
      "UAB_60": {
        "de": "Leihrodeln",
        "it": "Noleggio di slittini",
        "en": "Barrow rental",
        "fr": "Location de Luge"
      },
      "SKD_2": {
        "de": "Liegewiese",
        "it": "Lawn for sunbathing",
        "en": "Lawn for sunbathing",
        "fr": "Lawn for sunbathing"
      },
      "HAC_60": {
        "de": "Live Unterhaltung",
        "it": "Spettacolo dal vivo",
        "en": "Live entertainment",
        "fr": "Animation live"
      },
      "UAB_421": {
        "de": "Minigolf",
        "it": "Minigolf",
        "en": "Mini Golf",
        "fr": "Minigolf"
      },
      "HAC_62": {
        "de": "Nachtclub",
        "it": "Night-club",
        "en": "Nightclub",
        "fr": "Night Club"
      },
      "UAB_535": {
        "de": "Nationalpark",
        "it": "Parco nazionale",
        "en": "National Park",
        "fr": "Parc national"
      },
      "UAB_543": {
        "de": "Natur- u. Landschaftsf\u00fchrer",
        "it": "Guida naturalistica",
        "en": "Nature and landscape guides",
        "fr": "Guides nature et paysage"
      },
      "UAB_522": {
        "de": "Naturpark",
        "it": "Parco naturale",
        "en": "Nature Park",
        "fr": "Parc naturel"
      },
      "UAB_540": {
        "de": "Nordic Walking",
        "it": "Camminata nordica",
        "en": "Nordic Walking",
        "fr": "Nordic walking"
      },
      "UAB_289": {
        "de": "Ponyreiten",
        "it": "Equitazione con pony",
        "en": "Pony rides",
        "fr": "Balade en poney"
      },
      "UAB_332": {
        "de": "Radwege",
        "it": "Piste ciclabili",
        "en": "Bike paths",
        "fr": "Pistes cyclables"
      },
      "HAC_237": {
        "de": "Reiten",
        "it": "Equitazione",
        "en": "Horseback riding",
        "fr": "\u00c9quitation"
      },
      "UAB_84": {
        "de": "Reithalle",
        "it": "Equitazione al coperto",
        "en": "Horseback riding hall",
        "fr": "Centre \u00c9questre"
      },
      "UAB_219": {
        "de": "Reitunterricht",
        "it": "Lezioni di equitazione",
        "en": "Riding lessons",
        "fr": "Cours d'\u00e9quitation"
      },
      "UAB_90": {
        "de": "Reitwege",
        "it": "Percorsi a cavallo",
        "en": "Riding Trails",
        "fr": "Sentiers \u00e9questres"
      },
      "UAB_541": {
        "de": "Rodelbahn in der N\u00e4he",
        "it": "Pista da slittino nelle vicinanze",
        "en": "Toboggan run nearby",
        "fr": "Piste de luge \u00e0 proximit\u00e9"
      },
      "UAB_545": {
        "de": "Schneeschuhwanderung",
        "it": "Ciaspolata",
        "en": "Snowshoeing",
        "fr": "Randonn\u00e9e en raquettes"
      },
      "RST_66": {
        "de": "Seezugang",
        "it": "Direct Lake Access",
        "en": "Direct Lake Access",
        "fr": "Direct Lake Access"
      },
      "HAC_552": {
        "de": "Sennerei",
        "it": "Cascina in montagna",
        "en": "Alpine dairy",
        "fr": "Laiterie \/ Fromagerie"
      },
      "UAB_273": {
        "de": "Skibusn\u00e4he",
        "it": "Servizio navetta per i campi da sci in prossimit\u00e0 dell'alloggio",
        "en": "Ski bus nearby",
        "fr": "Ski-bus \u00e0 proximit\u00e9"
      },
      "HAC_272": {
        "de": "Skifahren",
        "it": "Sciare",
        "en": "Snow skiing",
        "fr": "Ski alpin"
      },
      "UAB_521": {
        "de": "Skilehrer",
        "it": "Maestro di sci",
        "en": "Ski Instructor",
        "fr": "Moniteur de ski"
      },
      "UAB_424": {
        "de": "Skilift",
        "it": "Sklift",
        "en": "Ski Lift",
        "fr": "T\u00e9l\u00e9ski"
      },
      "UAB_494": {
        "de": "Skipassausstellung im Haus",
        "it": "Vendita di skipass nell'alloggio",
        "en": "Lift passes in the House",
        "fr": "Abonnement de ski d\u00e9livr\u00e9 \u00e0 l'h\u00f4tel"
      },
      "HAC_550": {
        "de": "Sommerrodelbahn",
        "it": "Pista da slittino estiva",
        "en": "Summer coast",
        "fr": "Piste de luge d'\u00e9t\u00e9"
      },
      "UAB_426": {
        "de": "Squash",
        "it": "Squash",
        "en": "Squash",
        "fr": "Squash"
      },
      "UAB_433": {
        "de": "Squashhalle",
        "it": "Campo da squash coperto",
        "en": "Squash Court",
        "fr": "Salle de squash"
      },
      "UAB_462": {
        "de": "Strand",
        "it": "Spiaggia",
        "en": "Beach",
        "fr": "Plage"
      },
      "UAB_428": {
        "de": "Tanzabend",
        "it": "Serata da ballo",
        "en": "Evening's Dancing",
        "fr": "Soir\u00e9e dansante"
      },
      "UAB_429": {
        "de": "Tennishalle",
        "it": "Campo da tennis coperto",
        "en": "Tennis Hall",
        "fr": "Centre de tennis"
      },
      "HAC_233": {
        "de": "Tennisplatz",
        "it": "Campo da tennis",
        "en": "Tennis court",
        "fr": "Place de tennis"
      },
      "UAB_431": {
        "de": "Tischtennis",
        "it": "Tennis da tavolo",
        "en": "Table Tennis",
        "fr": "Tennis de table"
      },
      "UAB_9": {
        "de": "Wandern",
        "it": "Escursione",
        "en": "Hiking",
        "fr": "Randonn\u00e9e"
      },
      "UAB_514": {
        "de": "Wanderreiten",
        "it": "Escursione a cavallo",
        "en": "Trekking",
        "fr": "Randonn\u00e9e \u00e9questre"
      },
      "HAC_273": {
        "de": "Wasserskifahren",
        "it": "Sci nautico",
        "en": "Water skiing",
        "fr": "Ski nautique"
      },
      "HAC_234": {
        "de": "Wassersport",
        "it": "Sport acquatici",
        "en": "Water sports",
        "fr": "Sports nautiques"
      },
      "UAB_266": {
        "de": "Winterritte",
        "it": "Equitazione invernale",
        "en": "Winter riding",
        "fr": "Randonn\u00e9e \u00e9questre en hiver"
      },
      "HAC_232": {
        "de": "Wintersport",
        "it": "Sport invernali",
        "en": "Snow sports",
        "fr": "Sports d'hiver"
      }
    }
  },
  "8": {
    "title": {
      "en": "Spa\/Well-being",
      "de": "Spa\/Wellnessangebote",
      "it": "Servizio Spa \/ Wellness",
      "fr": "Offres spa\/wellness"
    },
    "description": {
      "en": "Offered spa facilities, relax and health treatments",
      "de": "Erholungs- und Entspannungsangebote, Sch\u00f6nheits- und Gesundheitsbehandlungen",
      "it": "Offerte relax e trattamenti di bellezza e benessere",
      "fr": "Offres de remise en forme et de d\u00e9tente, traitement de beaut\u00e9 et de sant\u00e9"
    },
    "amenities": {
      "UAB_317": {
        "de": "Aromatherapie",
        "it": "Aromaterapia",
        "en": "Aromatherapy",
        "fr": "Aromath\u00e9rapie"
      },
      "HAC_66": {
        "de": "Au\u00dfenschwimmbecken",
        "it": "Piscina all'aperto",
        "en": "Outdoor pool",
        "fr": "Bassin ext\u00e9rieur"
      },
      "UAB_318": {
        "de": "Bachbl\u00fctentherapie",
        "it": "Terapia ai fiori di Bach",
        "en": "Bach Flower Therapy",
        "fr": "Th\u00e9rapie des fleurs de Bach"
      },
      "UAB_436": {
        "de": "Beautyfarm",
        "it": "Beauty farm",
        "en": "Beauty Farm",
        "fr": "Beautyfarm"
      },
      "HAC_86": {
        "de": "Dampfbad",
        "it": "Bagno turco",
        "en": "Steam bath",
        "fr": "Bain de vapeur"
      },
      "UAB_416": {
        "de": "Fitnessprogramm",
        "it": "Programma di allenamento fitness",
        "en": "Fitness Program",
        "fr": "Programme fitness"
      },
      "UAB_418": {
        "de": "Hallenbad im Haus",
        "it": "Piscina coperta nell'alloggio",
        "en": "Indoor swimming pool",
        "fr": "Piscine couverte \u00e0 l'h\u00f4tel"
      },
      "UAB_28": {
        "de": "Heublumenb\u00e4der",
        "it": "Bagni di fieno",
        "en": "Hay-Flower Bath",
        "fr": "Bains de fleurs de foin"
      },
      "HAC_484": {
        "de": "Infrarotkabine",
        "it": "Infrared sauna",
        "en": "Infrared sauna",
        "fr": "Infrared sauna"
      },
      "HAC_55": {
        "de": "Jacuzzi",
        "it": "Jacuzzi",
        "en": "Jacuzzi",
        "fr": "Jacuzzi"
      },
      "UAB_47": {
        "de": "Kneippanlage",
        "it": "Percorso idroterapico di Kneipp",
        "en": "Kneipp",
        "fr": "Bains Kneipp"
      },
      "UAB_446": {
        "de": "Kosmetikangebot",
        "it": "Trattamenti cosmetici",
        "en": "Cosmetic Treatments",
        "fr": "Offres cosm\u00e9tiques"
      },
      "UAB_51": {
        "de": "Kr\u00e4uterb\u00e4der",
        "it": "Bagni alle erbe",
        "en": "Herbal baths",
        "fr": "Bains aux herbes"
      },
      "HAC_61": {
        "de": "Massage",
        "it": "Massaggio",
        "en": "Massage",
        "fr": "Massages"
      },
      "UAB_67": {
        "de": "Molkeb\u00e4der",
        "it": "Bagni al siero di latte",
        "en": "Whey baths",
        "fr": "Bains au petit-lait"
      },
      "HAC_71": {
        "de": "Pool",
        "it": "Piscina",
        "en": "Pool",
        "fr": "Piscine"
      },
      "HAC_79": {
        "de": "Sauna",
        "it": "Sauna",
        "en": "Sauna",
        "fr": "Sauna"
      },
      "HAC_83": {
        "de": "Solarium",
        "it": "Solarium",
        "en": "Solarium",
        "fr": "Solarium"
      },
      "HAC_84": {
        "de": "Spa \/ Wellnessbereich",
        "it": "Spa \/ centro benessere",
        "en": "Spa \/ wellness area",
        "fr": "Espace spa \/ d\u00e9tente"
      },
      "UAB_102": {
        "de": "Tautreten",
        "it": "Camminare a piedi nudi sulla rugiada",
        "en": "rope walking",
        "fr": "Marche pieds-nus dans la ros\u00e9e"
      },
      "HAC_102": {
        "de": "Whirlpool",
        "it": "Vasca idromassaggio",
        "en": "Whirlpool",
        "fr": "Bain de bulle"
      }
    }
  },
  "9": {
    "title": {
      "en": "Business Services",
      "de": "Business-Dienstleistungen",
      "it": "Servizi business",
      "fr": "Services d'Affaires"
    },
    "description": {
      "en": "Facilities and services offered for meeting, conference and congress",
      "de": "Ausstattung und Dienstleistungen f\u00fcr Seminare, Tagungen und Kongresse",
      "it": "Offerta di strutture e servizi per seminari, convegni e congressi",
      "fr": "Equipement et prestations de service pour s\u00e9minaires, conf\u00e9rences et congr\u00e8s"
    },
    "amenities": {
      "BST_96": {
        "de": "Ausstattung f\u00fcr Konferenzen",
        "it": "Tutto l'occorrente per effettuare una conferenza",
        "en": "Meeting facilities",
        "fr": "Equipement pour conf\u00e9rences"
      },
      "BST_26": {
        "de": "B\u00fcroausstattung",
        "it": "Forniture per ufficio",
        "en": "Office supplies",
        "fr": "Equipement bureautique"
      },
      "UAB_409": {
        "de": "B\u00fcrodienste",
        "it": "Copisteria",
        "en": "Office Services",
        "fr": "Services bureautiques"
      },
      "BST_28": {
        "de": "Drucker",
        "it": "Stampante",
        "en": "Printer",
        "fr": "Imprimante"
      },
      "BST_9": {
        "de": "Fax",
        "it": "Fax",
        "en": "Fax",
        "fr": "Fax"
      },
      "BST_43": {
        "de": "Flipcharts",
        "it": "Lavagna magnetica con portablocco e cavalletto",
        "en": "Flipcharts",
        "fr": "Flipcharts"
      },
      "BST_20": {
        "de": "Gro\u00dfer Arbeitsbereich",
        "it": "Zona di lavoro di grandi dimensioni",
        "en": "Large work area",
        "fr": "Grand espace de travail"
      },
      "BST_14": {
        "de": "Hochgeschwindigkeits-Internetzugang",
        "it": "Connessione veloce ad internet",
        "en": "High speed Internet access",
        "fr": "Acc\u00e8s internet \u00e0 haute vitesse"
      },
      "BST_269": {
        "de": "Konferenzr\u00e4ume",
        "it": "Sale riunioni",
        "en": "Meeting rooms",
        "fr": "Salles de r\u00e9union"
      },
      "BST_2": {
        "de": "Kopierer",
        "it": "Fotocopiatrice",
        "en": "Copier",
        "fr": "Copieur"
      },
      "BST_45": {
        "de": "LCD-Projektor",
        "it": "Proiettore lcd",
        "en": "LCD projector",
        "fr": "Projecteur LCD"
      },
      "BST_18": {
        "de": "Laptop",
        "it": "Computer portatile",
        "en": "Laptop",
        "fr": "PC portable (Laptop)"
      },
      "BST_44": {
        "de": "Laptopverleih",
        "it": "Noleggio di computer portatili",
        "en": "Laptop rental",
        "fr": "Location de PC portables"
      },
      "BST_48": {
        "de": "Overhead-Projektor",
        "it": "Proiettore",
        "en": "Overhead projector",
        "fr": "R\u00e9tro-projecteur"
      },
      "BST_49": {
        "de": "Sekretariats-Service",
        "it": "Segreteria",
        "en": "Secretarial services",
        "fr": "Services de secr\u00e9tariat"
      },
      "UAB_455": {
        "de": "Seminarraum",
        "it": "Aula seminari",
        "en": "Seminar Room",
        "fr": "Salle de s\u00e9minaire"
      },
      "BST_95": {
        "de": "Tagungszentrum",
        "it": "Centro congressi",
        "en": "Convention center",
        "fr": "Centre de congr\u00e8s"
      },
      "BST_33": {
        "de": "Telefon",
        "it": "Telefono",
        "en": "Telephone",
        "fr": "T\u00e9l\u00e9phone"
      },
      "BST_50": {
        "de": "Whiteboard",
        "it": "Lavagna magnetica",
        "en": "Whiteboard",
        "fr": "Whiteboard (tableau blanc)"
      }
    }
  },
  "Custom": {
    "title": {
      "en": "Special Services",
      "de": "Spezialleistungen",
      "it": "Servizi speciali",
      "fr": "Services speciales"
    },
    "amenities": []
  }
}