{
  "1": {
    "de": "All inclusive",
    "it": "All inclusive",
    "en": "All inclusive",
    "fr": "Tout inclus"
  },
  "3": {
    "de": "Nur Übernachtung",
    "it": "Solo pernottamento",
    "en": "Overnight stay only",
    "fr": "Nuit seulement"
  },
  "10": {
    "de": "Vollpension",
    "it": "Pensione completa",
    "en": "Full board",
    "fr": "Pension complète"
  },
  "11": {
    "de": "Frühstück",
    "it": "Colazione",
    "en": "Breakfast",
    "fr": "Petit déjeuner"
  },
  "12": {
    "de": "Halbpension",
    "it": "Mezza pensione",
    "en": "Half board",
    "fr": "Demi-pension"
  },
  "100": {
    "de": "3/4 Pension",
    "it": "Pensione 3/4",
    "en": "All-In Half Board",
    "fr": "3/4 pension"
  }
}