{
  "1": {
    "de": "Außenansicht",
    "it": "Exterior view",
    "en": "Exterior view"
  },
  "2": {
    "de": "Lobby view",
    "it": "Lobby view",
    "en": "Lobby view"
  },
  "3": {
    "de": "Pool view",
    "it": "Pool view",
    "en": "Pool view"
  },
  "4": {
    "de": "Restaurant",
    "it": "Restaurant",
    "en": "Restaurant"
  },
  "6": {
    "de": "Guest room",
    "it": "Guest room",
    "en": "Guest room"
  },
  "7": {
    "de": "Suite",
    "it": "Suite",
    "en": "Suite"
  },
  "10": {
    "de": "Golf course",
    "it": "Golf course",
    "en": "Golf course"
  },
  "11": {
    "de": "Beach",
    "it": "Beach",
    "en": "Beach"
  },
  "12": {
    "de": "Spa",
    "it": "Spa",
    "en": "Spa"
  },
  "13": {
    "de": "Bar/Lounge",
    "it": "Bar/Lounge",
    "en": "Bar/Lounge"
  },
  "15": {
    "de": "Logo",
    "it": "Logo",
    "en": "Logo"
  },
  "15.SML": {
    "de": "Small Logo",
    "it": "Small Logo",
    "en": "Small Logo"
  },
  "17": {
    "de": "Map",
    "it": "Map",
    "en": "Map"
  },
  "20": {
    "de": "Miscellaneous",
    "it": "Miscellaneous",
    "en": "Miscellaneous"
  },
  "21": {
    "de": "Ground Plan",
    "it": "Ground Plan",
    "en": "Ground Plan"
  }
}