{
  "4": "Bed and Breakfast",
  "5": "Apartments",
  "9": "Conference Centre",
  "19": "Hostel",
  "20": "Hotel",
  "21": "Inn",
  "27": "Motel",
  "30": "Resort",
  "35": "Villa",
  "53": "Vacation rental",
  "57": "Luxury",
  "100": "Apartment",
  "102": "Private Landlord",
  "15": "Farm House",
  "103": "Houseboat",
  "104": "RV / Caravan",
  "105": "Yacht",
  "7": "Chalet",
  "106": "Chateau",
  "8": "Condo",
  "107": "Estate",
  "108": "Flat",
  "109": "House",
  "110": "Alpine Hut",
  "111": "Appartamento singolo",
  "29": "Residential apartment",
  "112": "Villaggio",
  "113": "Villetta singola"
}
