{
  "21": {
    "de": "Stellplatz",
    "it": "Piazzola",
    "en": "Pitch",
    "nl": "Standplaats",
    "fr": "Emplacement"
  },
  "22": {
    "de": "Mietcaravan",
    "it": "Roulotte",
    "nl": "Huurcaravan",
    "en": "Rental Caravan",
    "fr": "Caravane"
  },
  "23": {
    "de": "Holzhäuschen",
    "it": "Casetta di legno",
    "en": "Wooden house",
    "nl": "Houten huis",
    "fr": "Maison en bois"
  },
  "24": {
    "de": "ArchiCabin",
    "it": "ArchiCabin",
    "en": "ArchiCabin",
    "nl": "ArchiCabin",
    "fr": "ArchiCabin"
  },
  "25": {
    "de": "Schlaffass",
    "it": "Botte",
    "en": "Sleeping barrel",
    "nl": "Slaapvat",
    "fr": "Baril de couchage"
  },
  "26": {
    "de": "Bungalow",
    "it": "Bungalow",
    "en": "Bungalow",
    "nl": "Bungalow",
    "fr": "Bungalow"
  },
  "27": {
    "de": "Zeltplatz",
    "it": "Campeggio",
    "en": "Campground",
    "nl": "Camping",
    "fr": "Camping"
  },
  "28": {
    "de": "Camperstop",
    "it": "Camperstop",
    "en": "Camperstop",
    "nl": "Camperstop",
    "fr": "Camperstop"
  }
}
