{
  "RAT_CAM_21": {
    "de": "Stellplatz",
    "it": "Piazzola",
    "en": "Pitch",
    "nl": "Standplaats",
    "fr": "Emplacement"
  },
  "RAT_CAM_22": {
    "de": "Mietcaravan",
    "it": "Roulotte",
    "nl": "Huurcaravan",
    "en": "Rental Caravan",
    "fr": "Caravane"
  },
  "RAT_CAM_101": {
    "de": "Stromanschluss",
    "it": "Collegamento elettrico",
    "en": "Power connection"
  },
  "RAT_CAM_201": {
    "de": "Wasseranschluss",
    "it": "Collegamento dell'acqua",
    "en": "Water connection"
  },
  "RAT_CAM_202": {
    "de": "Abwasseranschluss",
    "it": "Collegamento acque reflue",
    "en": "Sewage connection"
  },
  "RAT_CAM_203": {
    "de": "TV-Anschluss",
    "it": "Collegamento TV",
    "en": "TV connection"
  },
  "RAT_CAM_204": {
    "de": "Gasanschluss",
    "it": "Collegamento Gas",
    "en": "Gas connection"
  },
  "RAT_CAM_205": {
    "de": "Frischwasserstelle",
    "it": "Punto carico acqua",
    "en": "Fresh water point"
  },
  "RAT_CAM_206": {
    "de": "Abwasserstelle",
    "it": "Punto scarico acqua",
    "en": "Waste water draining"
  },
  "RAT_RM_301": {
    "de": "King-Size-Bett",
    "it": "Letto king size",
    "en": "King size bed"
  },
  "RAT_RM_302": {
    "de": "Balkon mit Seeblick",
    "it": "Balcone con vista lago",
    "en": "Balcony with view of the lake"
  },
  "RAT_RM_303": {
    "de": "LED-Leselampe",
    "it": "Lampada da lettura a LED",
    "en": "LED reading light"
  },
  "RAT_RM_304": {
    "de": "Schreibtisch",
    "it": "Scrivania",
    "en": "Desk"
  },
  "RAT_RM_305": {
    "de": "Safe",
    "it": "Safe",
    "en": "Safe"
  },
  "RAT_RM_306": {
    "de": "Minibar",
    "it": "Minibar",
    "en": "Minibar"
  },
  "RAT_RM_307": {
    "de": "46\" Flachbildfernseher",
    "it": "TV 46\" a schermo piatto",
    "en": "46\" flat screen TV"
  },
  "RAT_RM_308": {
    "de": "Bequemes Sofa",
    "it": "Comodo divano",
    "en": "Comfortable sofa"
  },
  "RAT_RM_309": {
    "de": "Großzügige Dusche mit Regenbrause",
    "it": "Spaziosa doccia tropicale",
    "en": "Large shower with rain shower head"
  },
  "RAT_RM_310": {
    "de": "Kosmetikspiegel",
    "it": "Specchio cosmetico",
    "en": "Vanity mirror"
  },
  "RAT_RM_311": {
    "de": "Haartrockner",
    "it": "Fon",
    "en": "Hair-dryer"
  },
  "RAT_RM_312": {
    "de": "Kostenloses Wi-Fi",
    "it": "Wi-Fi gratuito",
    "en": "Free Wi-Fi"
  },
  "RAT_RM_313": {
    "de": "Mediabox – Ihre kostenlose Onlinezeitung",
    "it": "Mediabox - il vostro giornale online gratuito",
    "en": "Mediabox – your free online newspaper"
  },
  "RAT_RM_314": {
    "de": "Dusche",
    "it": "Spaziosa doccia tropicale",
    "en": "Large shower with rain shower head"
  },
  "RAT_TRATT_001": {
    "de": "2 Bäder mit Duschen und einer Badewanne",
    "it": "2 bagni con doccia e vasca",
    "en": "2 bathrooms with showers and a bathtub"
  },
  "RAT_TRATT_002": {
    "de": "Westflügel 4. oder 6. Etage",
    "it": "Ala ovest 4° o 6° piano",
    "en": "West wing 4th or 6th floor"
  },
  "RAT_TRATT_003": {
    "de": "Terrasse 35 m² mit Südblick auf Dolomiten",
    "it": "Terrazza 35 m² con vista sud sulle Dolomiti",
    "en": "Terrace 35 m² with a south view of the Dolomites"
  },
  "RAT_TRATT_004": {
    "de": "2 Bäder mit Dusche, Whirlwanne",
    "it": "2 bagni con doccia, idromassaggio",
    "en": "2 bathrooms with shower, whirlpool"
  },
  "RAT_TRATT_005": {
    "de": "Westflügel 5. Etage",
    "it": "Ala ovest 5° piano",
    "en": "West wing 5th floor"
  },
  "RAT_TRATT_006": {
    "de": "1 Bad mit Dusche, abgetrenntes WC, Whirlwanne, Infrarotkabine",
    "it": "1 bagno con doccia, WC separato, vasca idromassaggio, cabina infrarossi",
    "en": "1 bathroom with shower, separate toilet, whirlpool, infrared cabin"
  },
  "RAT_TRATT_007": {
    "de": "Westflügel 4. Etage",
    "it": "Ala ovest 4° piano",
    "en": "West wing 4th floor"
  },
  "RAT_TRATT_008": {
    "de": "Terrasse 47 m² mit Südblick auf Dolomiten",
    "it": "Terrazza 47 m² con vista sud sulle Dolomiti",
    "en": "Terrace 47 m² with a south view of the Dolomites"
  },
  "RAT_TRATT_009": {
    "de": "1 Bad mit Dusche, abgetrenntes WC, Badewanne, Infrarotkabine",
    "it": "1 bagno con doccia, WC separato, vasca da bagno, cabina a infrarossi",
    "en": "1 bathroom with shower, separate toilet, bathtub, infrared cabin"
  },
  "RAT_TRATT_010": {
    "de": "Westflügel 2. Etage",
    "it": "Ala ovest, 2° piano",
    "en": "West wing, 2nd floor"
  },
  "RAT_TRATT_011": {
    "de": "Terrasse 27 m²  mit Südblick auf Dolomiten",
    "it": "Terrazza 27 m² con vista sud sulle Dolomiti",
    "en": "Terrace 27 m² with a south view of the Dolomites"
  },
  "RAT_TRATT_012": {
    "de": "1 Bad mit Dusche, abgetrenntes WC, 1 Bad mit Whirlwanne und Sauna, abgetrenntes WC",
    "it": "1 bagno con doccia, WC separato, 1 bagno con idromassaggio e sauna, WC separato",
    "en": "Terrace 120 m2 with a south view of the Dolomites"
  },
  "RAT_TRATT_013": {
    "de": "Terrasse 120 m2 mit Südblick auf Dolomiten",
    "it": "Terrazza 120 m2 con vista sud sulle Dolomiti",
    "en": "Terrace 120 m2 with a south view of the Dolomites"
  },
  "RAT_TRATT_014": {
    "de": "1 Bad mit Dusche und Badewanne, 1 Bad mit Dusche, Whirlwanne",
    "it": "1 bagno con doccia e vasca, 1 bagno con doccia, idromassaggio",
    "en": "1 bathroom with shower and bathtub, 1 bathroom with shower, whirlpool"
  },
  "RAT_TRATT_015": {
    "de": "Ostflügel 3. Etage",
    "it": "3° piano ala est",
    "en": "East wing 3rd floor"
  },
  "RAT_TRATT_016": {
    "de": "Balkon 8 m² mit Südblick auf Dolomiten",
    "it": "Balcone di 8 m² con vista sud sulle Dolomiti",
    "en": "8 m² balcony with south view of the Dolomites"
  },
  "RAT_TRATT_017": {
    "de": "1 Bad mit Dusche, abgetrenntes WC",
    "it": "1 bagno con doccia, WC separato",
    "en": "1 bathroom with shower, separate toilet"
  },
  "RAT_TRATT_018": {
    "de": "Westflügel 3. Etage",
    "it": "Ala ovest 3° piano",
    "en": "West wing 3rd floor"
  },
  "RAT_TRATT_019": {
    "de": "Terrasse 13 m² mit Südblick auf Dolomiten",
    "it": "Terrazza di 13 m² con vista sud sulle Dolomiti",
    "en": "Terrace 13 m² with a south view of the Dolomites"
  },
  "RAT_TRATT_020": {
    "de": "Westflügel 1. Etage",
    "it": "Ala ovest, 1° piano",
    "en": "West wing, 1st floor"
  },
  "RAT_TRATT_021": {
    "de": "Bad mit Dusche und Badewanne, abgetrenntes WC",
    "it": "Bagno con doccia e vasca, WC separato",
    "en": "Bathroom with shower and bathtub, separate toilet"
  },
  "RAT_TRATT_022": {
    "de": "Balkon 9 m² mit Südblick auf Dolomiten",
    "it": "Balcone di 9 m² con vista sud sulle Dolomiti",
    "en": "9 m² balcony with south view of the Dolomites"
  },
  "RAT_TRATT_023": {
    "de": "Bad mit Dusche oder Badewanne",
    "it": "Bagno con doccia o vasca",
    "en": "Bathroom with shower or bathtub"
  },
  "RAT_TRATT_024": {
    "de": "Ostflügel 1. oder 2. Etage",
    "it": "Ala est 1° o 2° piano",
    "en": "East wing 1st or 2nd floor"
  },
  "RAT_TRATT_025": {
    "de": "Balkon 6 m² mit Südblick auf Dolomiten",
    "it": "Balcone 6 m² con vista sud sulle Dolomiti",
    "en": "Balcony 6 m² with south view of the Dolomites"
  },
  "RAT_TRATT_026": {
    "de": "Bad mit Badewanne",
    "it": "Bagno con vasca",
    "en": "Bathroom with bathtub"
  },
  "RAT_TRATT_027": {
    "de": "kleine Balkonnische 3 m² mit Südblick auf Dolomiten",
    "it": "Piccola nicchia balcone 3 m² con vista sud sulle Dolomiti",
    "en": "Small balcony niche 3 m² with south view of the Dolomites"
  },
  "RAT_TRATT_028": {
    "de": "Bad mit Dusche",
    "it": "Bagno con doccia",
    "en": "Bathroom with a shower"
  },
  "RAT_TRATT_029": {
    "de": "Ostflüge 2. Etage",
    "it": "Voli est 2° piano",
    "en": "East flights 2nd floor"
  },
  "RAT_TRATT_030": {
    "de": "Balkon 3 m²",
    "it": "Balcone 3 m²",
    "en": "Balcony 3 m²"
  },
  "RAT_TRATT_031": {
    "de": "1 Bad mit Whirlwanne, 1 Bad mit Dusche",
    "it": "1 bagno con vasca idromassaggio, 1 bagno con doccia",
    "en": "1 bathroom with whirlpool, 1 bathroom with shower"
  },
  "RAT_TRATT_032": {
    "de": "Parterre Landhaus",
    "it": "Casa di campagna al piano terra",
    "en": "Ground floor country house"
  },
  "RAT_TRATT_033": {
    "de": "Terrasse 6 m² Parterre mit Südblick auf Dolomiten",
    "it": "Terrazza 6 m² piano terra con vista sud sulle Dolomiti",
    "en": "Terrace 6 m² ground floor with south view of the Dolomites"
  },
  "RAT_TRATT_034": {
    "de": "2 Bäder mit Dusche",
    "it": "2 bagni con doccia",
    "en": "2 bathrooms with shower"
  },
  "RAT_TRATT_035": {
    "de": "3. Etage Landhaus",
    "it": "Casa di campagna al 3° piano",
    "en": "3rd floor country house"
  },
  "RAT_PRINZ_001": {
    "de": "Stromanschluss",
    "it": "Collegamento elettrico",
    "en": "Power connection"
  },
  "RAT_PRINZ_002": {
    "de": "Trinkwasseranschluss",
    "it": "Collegamento dell'acqua",
    "en": "Water connection"
  },
  "RAT_PRINZ_003": {
    "de": "Abwasseranschluss",
    "it": "Collegamento acque reflue",
    "en": "Sewage connection"
  },
  "RAT_PRINZ_004": {
    "de": "TV-Kabelanschluss mit Sat",
    "it": "Collegamento TV",
    "en": "TV connection"
  },
  "RAT_PRINZ_005": {
    "de": "WLAN kostenlos",
    "it": "WiFi",
    "en": "WiFi"
  },
  "RAT_PRINZ_006": {
    "de": "Dusche",
    "it": "Doccia",
    "en": "Shower"
  },
  "RAT_PRINZ_007": {
    "de": "Fernseher",
    "it": "Televisione",
    "en": "Television"
  },
  "RAT_PRINZ_008": {
    "de": "Garten",
    "it": "Vista giardino",
    "en": "Garden view"
  },
  "RAT_PRINZ_009": {
    "de": "Haarföhn",
    "it": "Asciugacapelli",
    "en": "Hairdryer"
  },
  "RAT_PRINZ_010": {
    "de": "Handtücher",
    "it": "Asciugamani",
    "en": "Towels"
  },
  "RAT_PRINZ_011": {
    "de": "Heizung",
    "it": "Riscaldamento",
    "en": "Heating"
  },
  "RAT_PRINZ_012": {
    "de": "Klimaanlage",
    "it": "Aria condizionata",
    "en": "Air conditioning"
  },
  "RAT_PRINZ_013": {
    "de": "Neubau",
    "it": "Edificio di nuova costruzione",
    "en": "Modern"
  },
  "RAT_PRINZ_014": {
    "de": "Doppelbett",
    "it": "Letto matrimoniale",
    "en": "Double bed"
  },
  "RAT_PRINZ_015": {
    "de": "Ausziehcouch",
    "it": "Divano letto",
    "en": "Sofa Bed"
  },
  "RAT_PRINZ_016": {
    "de": "Toilette",
    "it": "WC",
    "en": "Water closet"
  },
  "RAT_PRINZ_017": {
    "de": "Aussicht auf eine Berglandschaft",
    "it": "Vista sulla montagna",
    "en": "Mountain view"
  },
  "RAT_PRINZ_018": {
    "de": "Badewanne",
    "it": "Vasca da bagno",
    "en": "Bathtub"
  },
  "RAT_PRINZ_019": {
    "de": "Balkon/Terrasse",
    "it": "Balcone/terrazza",
    "en": "Balcony/terrace"
  },
  "RAT_PRINZ_020": {
    "de": "Minibar",
    "it": "Minibar",
    "en": "Mini bar"
  },
  "RAT_PRINZ_021": {
    "de": "Safe",
    "it": "Cassaforte",
    "en": "Safe"
  },
  "RAT_PRINZ_022": {
    "de": "Bademantel",
    "it": "Accappatoio",
    "en": "Bathrobe"
  },
  "RAT_PRINZ_023": {
    "de": "Getränkeerwerb im Haus",
    "it": "Servizio bevande nella struttura",
    "en": "Beverages sold on the premises"
  },
  "RAT_PRINZ_024": {
    "de": "Telefon",
    "it": "Telefono",
    "en": "Telephone"
  },
  "RAT_BEL_001": {
    "de": "2-3 Personen",
    "it": "2-3 persone",
    "en": "2-3 persons"
  },
  "RAT_BEL_002": {
    "de": "40 m2",
    "it": "40 m2",
    "en": "40 m2"
  },
  "RAT_BEL_003": {
    "de": "Balkon mit Blick auf die Dolomiten",
    "it": "Balcone con vista sulle Dolomiti",
    "en": "Balcony with view of the Dolomites"
  },
  "RAT_BEL_004": {
    "de": "Südostbalkon ausgerichtet in der -1 oder -2 Etage",
    "it": "Balcone esposto a sud-est al piano -1 o -2",
    "en": "south-east facing balcony on the -1 or -2 floor"
  },
  "RAT_BEL_005": {
    "de": "Bad mit Regendusche und abgetrenntes WC",
    "it": "Bagno con doccia a pioggia e WC separato",
    "en": "Bathroom with rain shower and separate WC"
  },
  "RAT_BEL_006": {
    "de": "BEST ARCHITECTS AWARD 2020 WINNER",
    "it": "BEST ARCHITECTS AWARD 2020 WINNER",
    "en": "BEST ARCHITECTS AWARD 2020 WINNER"
  },
  "RAT_BEL_007": {
    "de": "2-4 Personen",
    "it": "2-4 persone",
    "en": "2-4 persons"
  },
  "RAT_BEL_008": {
    "de": "Terrasse im Loungestil mit Blick auf Bozen oder die Dolomiten",
    "it": "Terrazza in stile lounge con vista su Bolzano o sulle Dolomiti",
    "en": "Terrace in lounge style with view of Bolzano or the Dolomites"
  },
  "RAT_BEL_009": {
    "de": "Süd- oder Südostausrichtung auf der -3 Etage",
    "it": "Esposizione a sud o sud-est al piano -3",
    "en": "South or south-east exposure on the -3 floor"
  },
  "RAT_BEL_010": {
    "de": "Abgetrenntes Bad mit Regendusche und WC ",
    "it": "Bagno separato con doccia a pioggia e WC",
    "en": "Separate bathroom with rain shower and WC "
  },
  "RAT_BEL_011": {
    "de": "Terrasse im Loungestil mit direktem Zugang zum Biopool",
    "it": "Terrazza in stile lounge con accesso diretto alla biopiscina",
    "en": "Lounge-style terrace with direct access to the biopool"
  },
  "RAT_BEL_012": {
    "de": "Ostausrichtung auf der -3 Etage",
    "it": "Esposizione a est al piano -3",
    "en": "East facing on the -3 floor"
  },
  "RAT_BEL_013": {
    "de": "2-5 Personen",
    "it": "2-5 persone",
    "en": "2-5 persons"
  },
  "RAT_BEL_014": {
    "de": "50-60 m2",
    "it": "50-60 m2",
    "en": "50-60 m2"
  },
  "RAT_BEL_015": {
    "de": "Südbalkon mit Blick auf Bozen und die Dolomiten",
    "it": "balcone rivolto a sud con vista su Bolzano e sulle Dolomiti",
    "en": "south-facing balcony with view of Bolzano and the Dolomites"
  },
  "RAT_BEL_016": {
    "de": "Stammhaus 3 Etage",
    "it": "Casa principale 3 piani",
    "en": "Main house 3 floor"
  },
  "RAT_BEL_017": {
    "de": "Abgetrenntes Bad mit Dusche, Badewanne, WC und Bidet",
    "it": "Bagno separato con doccia, vasca da bagno, WC e bidet",
    "en": "Separate bathroom with shower, bathtub, WC and bidet"
  },
  "RAT_BEL_018": {
    "de": "Abtrennbarer Schlaf- und Wohnbereich",
    "it": "Zona notte e zona giorno separabili",
    "en": "Separable sleeping and living area"
  },
  "RAT_BEL_019": {
    "de": "35 m2",
    "it": "35 m2",
    "en": "35 m2"
  },
  "RAT_BEL_020": {
    "de": "Südbalkon mit Blick auf Bozen und die Dolomiten",
    "it": "Balcone esposto a sud con vista su Bolzano e sulle Dolomiti",
    "en": "South-facing balcony with view of Bolzano and the Dolomites"
  },
  "RAT_BEL_021": {
    "de": "Stammhaus 1. oder 2. Etage",
    "it": "Casa principale 1° o 2° piano",
    "en": "Main house 1st or 2nd floor"
  },
  "RAT_BEL_022": {
    "de": "Abgetrenntes Bad mit Dusche, WC und Bidet",
    "it": "Bagno separato con doccia, WC e bidet",
    "en": "Separate bathroom with shower, WC and bidet"
  },
  "RAT_BEL_023": {
    "de": "Teilweise abtrennbarer Schlaf- und Wohnbereich",
    "it": "Zona notte e zona giorno parzialmente separabili",
    "en": "Partially separable sleeping and living area"
  },
  "RAT_BEL_024": {
    "de": "30 m2",
    "it": "30 m2",
    "en": "30 m2"
  },
  "RAT_BEL_025": {
    "de": "Südterrasse mit Blick auf Bozen und die Dolomiten",
    "it": "terrazza esposta a sud con vista su Bolzano e sulle Dolomiti",
    "en": "south-facing terrace with view of Bolzano and the Dolomites"
  },
  "RAT_BEL_026": {
    "de": "Stammhaus -1 Etage",
    "it": "Casa principale -1 piano",
    "en": "Main house -1 floor"
  },
  "RAT_BEL_027": {
    "de": "Abgetrenntes Bad mit Dusche od. Badewanne sowie WC",
    "it": "Bagno separato con doccia o vasca da bagno e WC",
    "en": "Separate bathroom with shower or bathtub and WC"
  },
  "RAT_BEL_028": {
    "de": "Teilweise abtrennbarer Schlaf- und Wohnbereich",
    "it": "Zona notte e zona giorno parzialmente separabili",
    "en": "Partially separable sleeping and living area"
  },
  "RAT_BEL_029": {
    "de": "65 m2",
    "it": "65 m2",
    "en": "65 m2"
  },
  "RAT_BEL_030": {
    "de": "1 Elternschlafzimmer + 1 Kinderzimmer mit Stockbett",
    "it": "1 camera matrimoniale + 1 camera per bambini con letto a castello",
    "en": "1 master bedroom + 1 children's room with bunk bed"
  },
  "RAT_BEL_031": {
    "de": "Südbalkon & Terrasse mit Blick auf Bozen und die Dolomiten",
    "it": "balcone e terrazza esposti a sud con vista su Bolzano e sulle Dolomiti",
    "en": "south-facing balcony & terrace with view of Bolzano and the Dolomites"
  },
  "RAT_BEL_032": {
    "de": "Stammhaus 1. Etage",
    "it": "Casa principale 1° piano",
    "en": "Main house 1st floor"
  },
  "RAT_BEL_033": {
    "de": "Gemütlicher Wohnbereich mit Eckcouch & Schreibtisch",
    "it": "Accogliente zona giorno con divano ad angolo e scrivania",
    "en": "Cosy living area with corner couch & desk"
  },
  "RAT_BEL_034": {
    "de": "Südbalkon Blick auf Bozen und die Dolomiten",
    "it": "balcone rivolto a sud con vista su Bolzano e sulle Dolomiti",
    "en": "south-facing balcony with view of Bolzano and the Dolomites"
  },
  "RAT_BEL_035": {
    "de": "Abgetrenntes Bad mit Dusche od. Badewanne, WC und Bidet",
    "it": "Bagno separato con doccia o vasca, WC e bidet",
    "en": "Separate bathroom with shower or bathtub, WC and bidet"
  },
  "RAT_BEL_036": {
    "de": "1-4 Personen",
    "it": "1-4 persone",
    "en": "1-4 persons"
  },
  "RAT_BEL_037": {
    "de": "20-25 m2",
    "it": "20-25 m2",
    "en": "20-25 m2"
  },
  "RAT_BEL_038": {
    "de": "Süd- oder Ostbalkon Blick auf Bozen oder die Dolomiten",
    "it": "vista dal balcone a sud o a est su Bolzano o sulle Dolomiti",
    "en": "south or east balcony view of Bolzano or the Dolomites"
  },
  "RAT_BEL_039": {
    "de": "Abgetrenntes Bad mit Dusche und WC",
    "it": "Bagno separato con doccia e WC",
    "en": "Separate bathroom with shower and WC"
  },
  "RAT_BEL_040": {
    "de": "Schreibtisch oder Couch",
    "it": "Scrivania o divano",
    "en": "Desk or couch"
  },
  "RAT_BEL_041": {
    "de": "1-2 Personen",
    "it": "1-2 persone",
    "en": "1-2 persons "
  },
  "RAT_BEL_042": {
    "de": "20 m2",
    "it": "20 m2",
    "en": "20 m2"
  },
  "RAT_BEL_043": {
    "de": "Nordbalkon oder Terrasse",
    "it": "Balcone o terrazza a nord",
    "en": "North balcony or terrace"
  },
  "RAT_BEL_044": {
    "de": "Schreibtisch",
    "it": "Scrivania",
    "en": "Desk"
  },
  "RAT_BEL_045": {
    "de": "1 Person",
    "it": "1 persona",
    "en": "1 person"
  },
  "RAT_BEL_046": {
    "de": "16-20 m2",
    "it": "16-20 m2",
    "en": "16-20 m2"
  },
  "RAT_BEL_047": {
    "de": "Stammhaus 1. oder 3. Etage (Treppenzugang)",
    "it": "Casa principale 1° o 3° piano (accesso tramite scale)",
    "en": "Main house 1st or 3rd floor (stair access)"
  },
  "RAT_BEL_048": {
    "de": "55 m2",
    "it": "55 m2",
    "en": "55 m2"
  },
  "RAT_BEL_049": {
    "de": "1 Schlafzimmer",
    "it": "1 camera da letto",
    "en": "1 bedroom"
  },
  "RAT_BEL_050": {
    "de": "Gemütlicher Wohn-Ess-Küchenbereich mit Schlafcouch",
    "it": "Accogliente zona soggiorno-pranzo-cucina con divano letto",
    "en": "Cosy living-dining-kitchen area with sofa bed"
  },
  "RAT_BEL_051": {
    "de": "1 Südbalkon mit Blick auf Bozen und die Dolomiten",
    "it": "1 balcone esposto a sud con vista su Bolzano e sulle Dolomiti",
    "en": "1 south-facing balcony with view of Bolzano and the Dolomites"
  },
  "RAT_BEL_052": {
    "de": "1. Stock im Nachbargebäude unmittelbar neben Hotel",
    "it": "1° piano dell'edificio adiacente all'hotel ",
    "en": "1st floor in the neighbouring building directly next to the hotel"
  },
  "RAT_BEL_053": {
    "de": "Abgetrenntes Bad mit Dusche und Badewanne sowie WC",
    "it": "Bagno separato con doccia e vasca da bagno e WC",
    "en": "Separate bathroom with shower and bathtub as well as WC"
  },
  "RAT_BEL_054": {
    "de": "2-6 Personen",
    "it": "2-6 persone",
    "en": "2-6 persons"
  },
  "RAT_BEL_055": {
    "de": "80 m2",
    "it": "80 m2",
    "en": "80 m2"
  },
  "RAT_BEL_056": {
    "de": "2 Schlafzimmer ",
    "it": "2 camere da letto",
    "en": "2 bedrooms"
  },
  "RAT_BEL_057": {
    "de": "2 Südbalkone mit Blick auf Bozen und die Dolomiten",
    "it": "2 balconi esposti a sud con vista su Bolzano e sulle Dolomiti",
    "en": "2 south-facing balconies with view of Bolzano and the Dolomites"
  },
  "RAT_BEL_058": {
    "de": "2. Stock im Nachbargebäude unmittelbar neben Hotel",
    "it": "2° piano dell'edificio adiacente all'hotel",
    "en": "2nd floor in the neighbouring building directly next to the hotel"
  },
  "RAT_MOSER_001": {
    "de": "3 Schlafzimmer",
    "en": "3 bedrooms"
  },
  "RAT_MOSER_002": {
    "de": "2 Bäder",
    "en": "2 bathrooms"
  },
  "RAT_MOSER_003": {
    "de": "Separates WC",
    "en": "separate WC"
  },
  "RAT_MOSER_004": {
    "de": "zwei Wohnbereiche mit TV",
    "en": "two living areas with TV"
  },
  "RAT_MOSER_005": {
    "de": "voll ausgestattete Küche",
    "en": "fully equipped kitchen"
  },
  "RAT_MOSER_006": {
    "de": "2 möblierte Balkone",
    "en": "2 furnished balconies"
  },
  "RAT_MOSER_007": {
    "de": "möblierte, absperrbare Panoramaterrasse mit Liegestühlen, Sonnenschirm und Schwingliegen",
    "en": "furnished, lockable panoramic terrace with deckchairs, sunshade and swinging loungers"
  },
  "RAT_MOSER_008": {
    "de": "Liegewiese",
    "en": "sunbathing lawn"
  },
  "RAT_MOSER_009": {
    "de": "privater Hot Tub",
    "en": "private hot tub"
  },
  "RAT_MOSER_010": {
    "de": "private Panorama Sauna",
    "en": "private panoramic sauna"
  },
  "RAT_MOSER_011": {
    "de": "Leistungsstarkes WLAN dank Glasfaseranbindung",
    "en": "powerful WLAN thanks to fiber optic connection"
  },
  "RAT_MOSER_012": {
    "de": "Kinderbetten zustellbar - Kinderaustattung möglich",
    "en": "cribs can be added - children's equipment possible"
  },
  "RAT_MOSER_013": {
    "de": "Weber Kugelgrill",
    "en": "Weber kettle grill"
  },
  "RAT_MOSER_014": {
    "de": "Haustier / Hund erlaubt (Aufpreis)",
    "en": "pet / dog allowed (extra charge)"
  },
  "RAT_MOSER_015": {
    "de": "frei Parken",
    "en": "free parking"
  },
  "RAT_MOSER_016": {
    "de": "Lademöglichkeit E-Auto",
    "en": "charging possibility E-car"
  },
  "RAT_MOSER_017": {
    "de": "Für Allergiker: Biologische Baustoffe",
    "en": "for allergy sufferers: biological building materials"
  },
  "RAT_MOSER_018": {
    "de": "Rauchverbot in den Chalets / Ferienwohnungen",
    "en": "no smoking in the chalets / apartments"
  },
  "RAT_MOSER_019": {
    "de": "möblierte, absperrbare Panoramaterrasse mit Liegestühlen & Sonnenschirm.",
    "en": "furnished, lockable panoramic terrace with deckchairs & parasol."
  },
  "RAT_MOSER_020": {
    "de": "Liegewiese",
    "en": "lawn for sunbathing"
  },
  "RAT_MOSER_021": {
    "de": "2 Schlafzimmer",
    "en": "2 bedrooms"
  },
  "RAT_MOSER_022": {
    "de": "1 Dachbodenzimmer mit 4 Einzelbetten",
    "en": "1 attic room with 4 single beds"
  },
  "RAT_MOSER_023": {
    "de": "Bad mit Dusche & Badewanne",
    "en": "bathroom with shower & bathtub"
  },
  "RAT_MOSER_024": {
    "de": "Waschraum mit WC",
    "en": "washroom with WC"
  },
  "RAT_MOSER_025": {
    "de": "Voll ausgestattete Wohnküche mit TV",
    "en": "fully equipped kitchen with TV"
  },
  "RAT_MOSER_026": {
    "de": "Möblierter Balkon",
    "en": "furnished balcony"
  },
  "RAT_MOSER_027": {
    "de": "Große Liegewiese und Garten mit Liegestühlen & Sonnenschirm.",
    "en": "large sunbathing lawn and garden with deckchairs & parasol."
  },
  "RAT_MOSER_028": {
    "de": "Bad mit Dusche & WC",
    "en": "bathroom with shower & WC"
  },
  "RAT_MOSER_029": {
    "de": "Wohnküche mit TV",
    "en": "kitchen-living room with TV"
  },
  "RAT_MOSER_030": {
    "de": "Große möblierte Terrasse",
    "en": "large furnished terrace "
  },
  "RAT_MOSER_031": {
    "de": "Liegewiese mit Liegestühlen & Sonnenschirm.",
    "en": "lawn with deckchairs & sunshade."
  },
  "RAT_MOSER_032": {
    "de": "Kuscheliger Dachboden mit Doppelbett",
    "en": "cozy loft with double bed"
  },
  "RAT_MOSER_033": {
    "de": "Wohnküche mit TV",
    "en": "living room/kitchen with TV"
  },
  "RAT_MOSER_034": {
    "de": "Große möblierte Terrasse & Liegewiese",
    "en": "large furnished terrace & lawn"
  },
  "RAT_MOSER_035": {
    "de": "Wohnzimmer mit WC und Kachelofen",
    "en": "living room with WC and tiled stove"
  },
  "RAT_MOSER_036": {
    "de": "Große möblierte Terrasse & Liegewiese",
    "en": "large furnished terrace & sunbathing lawn"
  },
  "RAT_MOSER_037": {
    "de": "Kamin",
    "en": "fireplace"
  },
  "RAT_MOSER_038": {
    "de": "Große möblierter Balkon mit herrlichem Panoramablick",
    "en": "large furnished balcony with wonderful panoramic view"
  },
  "RAT_MOSER_039": {
    "de": "Wohn- Schlafzimmer mit Zirbenbett",
    "en": "living room and bedroom with stone pine bed"
  },
  "RAT_MOSER_040": {
    "de": "Kochgelegenheit",
    "en": "cooking facilities"
  },
  "RAT_MOSER_041": {
    "de": "Großer, möblierter Balkon",
    "en": "large, furnished balcony"
  },
  "RAT_MOSER_042": {
    "de": "großes Badezimme mit Dusche & WC",
    "en": "large bathroom with shower & WC"
  },
  "RAT_MOSER_043": {
    "de": "1 Panoramaschlafzimmer mit Wohnbereich und möbliertem Balkon",
    "en": "1 panoramic bedroom with living area and furnished balcony"
  },
  "RAT_MOSER_044": {
    "de": "2 Doppelbettschlafzimmer",
    "en": "2 double bedrooms"
  },
  "RAT_MOSER_045": {
    "de": "1 Heubett",
    "en": "1 hay bed"
  },
  "RAT_MOSER_046": {
    "de": "Wohnbereich mit Kachelofen und TV",
    "en": "living area with tiled stove and TV"
  },
  "RAT_MOSER_047": {
    "de": "Separates alpines Wellnesshaus mit Badestube und Sauna",
    "en": "separate alpine wellness house with bathing room and sauna"
  },
  "RAT_MOSER_048": {
    "de": "eigener Badeteich",
    "en": "own bathing pond"
  },
  "RAT_MOSER_049": {
    "de": "möblierte Panoramaterrasse",
    "en": "furnished panoramic terrace "
  },
  "RAT_MOSER_050": {
    "de": "1 Schlafzimmer mit Doppelbett",
    "en": "1 bedroom with double bed"
  },
  "RAT_MOSER_051": {
    "de": "ausgebauter halbhoher Dachboden mit 3 Einzelbetten",
    "en": "converted half loft with 3 single beds"
  },
  "RAT_MOSER_052": {
    "de": "Wohnküche mit Großmutters Kuchlherd und Gaskocher sowie gemütliche Sitzecke",
    "en": "living room/kitchen with grandmother's stove and gas stove as well as comfortable sitting area"
  },
  "RAT_MOSER_053": {
    "de": "Separates alpines Badehaus mit Holzofensauna",
    "en": "separate alpine bathhouse with wood stove sauna"
  },
  "RAT_MOSER_054": {
    "de": "Große Terrasse und Liegewiese mit Holztisch, Bänken, Liegestühle, Sonnenschirm",
    "en": "Large terrace and sunbathing lawn with wooden table, benches, deck chairs, parasol"
  },
  "RAT_MOSER_055": {
    "de": "1 Panoramaschlafzimmer mit freistehender Badewanne und möbliertem Balkon",
    "en": "1 panoramic bedroom with freestanding bathtub and furnished balcony"
  },
  "RAT_MOSER_056": {
    "de": "1 Panoramaschlafzimmer mit Doppelbett",
    "en": "1 panoramic bedroom with double bed"
  },
  "RAT_MOSER_057": {
    "de": "2 Schlafzimmer mit Doppelbett und Badezimmer",
    "en": "2 bedrooms with double bed and bathroom"
  },
  "RAT_MOSER_058": {
    "de": "1 Bad mit Dusche",
    "en": "1 bathroom with shower"
  },
  "RAT_MOSER_059": {
    "de": "Privater Badeteich",
    "en": "private bathing pond"
  },
  "RAT_MOSER_060": {
    "de": "Eigener, kleiner Bauernhof mit Hühnerhaus, Kleintierstall und Einstellboxen für Pferde",
    "en": "own small farm with chicken house, small animal stable and stabling for horses"
  },
  "RAT_MOSER_061": {
    "de": "Wohnbereiche mit TV",
    "en": "living areas with TV"
  },
  "RAT_AMA_001": {
    "de": "Doppelbett",
    "it": "Letto matrimoniale",
    "en": "Double bed"
  },
  "RAT_AMA_002": {
    "de": "Lounge-Sessel",
    "it": "Poltrona lounge",
    "en": "Lounge chair"
  },
  "RAT_AMA_003": {
    "de": "Balkon mit Tisch und 2 Stühlen",
    "it": "Balcone con tavolo e 2 sedie",
    "en": "Balcony with table and 2 chairs"
  },
  "RAT_AMA_004": {
    "de": "Garderobe und Schrankregal",
    "it": "Guardaroba e scaffalatura",
    "en": "Wardrobe and storage shelves"
  },
  "RAT_AMA_005": {
    "de": "Bad mit Regendusche, WC, Bidet und Föhn",
    "it": "Bagno con doccia a pioggia, WC, bidet e phon",
    "en": "Bathroom with rain shower, toilet, bidet and hairdryer"
  },
  "RAT_AMA_006": {
    "de": "Handtücher und Bademäntel",
    "it": "Asciugamani e accappatoi",
    "en": "Bath towels and bathrobes"
  },
  "RAT_AMA_007": {
    "de": "hochwertige Pflegeprodukte",
    "it": "Linea cortesia d’alta gamma",
    "en": "High-quality toiletries"
  },
  "RAT_AMA_008": {
    "de": "HD TV-Screen",
    "it": "TV con schermo HD",
    "en": "HD TV"
  },
  "RAT_AMA_009": {
    "de": "Highspeed W-LAN",
    "it": "WIFI ultraveloce",
    "en": "High-speed WiFi"
  },
  "RAT_AMA_010": {
    "de": "Telefon",
    "it": "Telefono",
    "en": "Telephone"
  },
  "RAT_AMA_011": {
    "de": "Safe",
    "it": "Cassaforte",
    "en": "Safe"
  },
  "RAT_AMA_012": {
    "de": "Tägliche Reinigung",
    "it": "Pulizie quotidiane",
    "en": "Daily cleaning service"
  },
  "RAT_AMA_013": {
    "de": "Panoramablick",
    "it": "Vista panoramica",
    "en": "Panoramic view"
  },
  "RAT_AMA_014": {
    "de": "Couch/Zusatzbett für 1 Person",
    "it": "Divano/letto aggiunto per 1 persona",
    "en": "Divano/letto aggiunto per 1 persona"
  },
  "RAT_AMA_015": {
    "de": "Vollausgestattete Kochnische mit Kaffeemaschine, Kochfeld, Kühlschrank, Geschirrspülmaschine",
    "it": "Angolo cottura completamente attrezzato con macchina del caffè, piano cottura, frigo, lavastoviglie",
    "en": "Fully-equipped kitchenette with coffee maker, hob, fridge, dishwasher"
  },
  "RAT_AMA_016": {
    "de": "Ess-/Schreibtisch mit 3 Stühlen",
    "it": "Tavolo/scrivania con 3 sedie",
    "en": "Desk/table with 3 chairs"
  },
  "RAT_AMA_017": {
    "de": "Balkon mit Tisch und Stühlen",
    "it": "Balcone con tavolo e sedie",
    "en": "Balcony with table and 2 chairs"
  },
  "RAT_AMA_018": {
    "de": "Kombination aus Room & Studio",
    "it": "Combinazione di Room e Studio",
    "en": "Room/studio combo"
  },
  "RAT_AMA_019": {
    "de": "2 Doppelbetten in getrennten Schlafzimmern",
    "it": "2 letti matrimoniali in ambienti separati",
    "en": "2 double beds in separate bedrooms"
  },
  "RAT_AMA_020": {
    "de": "Couch/Zusatzbett für 1 Person",
    "it": "Divano/letto aggiunto per 1 persona",
    "en": "Couch/extra bed for 1 person"
  },
  "RAT_AMA_021": {
    "de": "Design-Sessel",
    "it": "Poltrona design",
    "en": "Designer armchair"
  },
  "RAT_AMA_022": {
    "de": "1 vollausgestattete Kochnische mit Kaffeemaschine, Kochfeld, Kühlschrank, Geschirrspülmaschine",
    "it": "1 angolo cottura completamente attrezzato con macchina del caffè, piano cottura, frigo, lavastoviglie",
    "en": "Fully-equipped kitchenette with coffee maker, hob, fridge, dishwasher"
  },
  "RAT_AMA_023": {
    "de": "Ess-/Schreibtisch mit Stühlen",
    "it": "Tavolo/scrivania con sedie",
    "en": "Desk/table with 3 chairs"
  },
  "RAT_AMA_024": {
    "de": "2 Balkone mit je 1 Tisch und Stühlen",
    "it": "2 balconi, ciascuno con tavolo e sedie",
    "en": "2 balconies each with a table and chairs"
  },
  "RAT_AMA_025": {
    "de": "2 Garderoben mit Schrankregalen",
    "it": "2 guardaroba con scaffalatura",
    "en": "2 wardrobes with storage shelves"
  },
  "RAT_AMA_026": {
    "de": "2 Bäder mit Regendusche, WC, Bidet und Föhn",
    "it": "2 bagni con doccia a pioggia, WC, bidet e phon",
    "en": "2 bathrooms with rain shower, toilet, bidet and hairdryer"
  },
  "RAT_AMA_027": {
    "de": "HD TV-Screen in jedem Zimmer",
    "it": "TV con schermo HD in ogni camera",
    "en": "HD TV in each room"
  }
}